name,team,age,position,games_played,games_started,record,completions,attempts,completionPct,passing_yards,passing_TD,passing_TDPct,passing_INT,passing_INTPct,passing_long,passing_ydsAtt,passing_airydsAtt,passing_ydsComp,passing_ydsGame,passing_rating,passing_sacks,passing_sacksyds,passing_netyds,passing_airnetydsAtt,passing_sackPct,4thQC,gamewinningdrives,year
Vinny Testaverde,NYJ,37,QB,16,16,9/7/2000,328,590,55.6,3732,21,3.6,25,4.2,63,6.3,5.1,11.4,233.3,69,13,71,6.07,4.9,2.2,4,4,2000
Brett Favre,GNB,31,QB,16,16,9/7/2000,338,580,58.3,3812,20,3.4,16,2.8,67,6.6,6,11.3,238.3,78,33,236,5.83,5.31,5.4,0,4,2000
Peyton Manning*,IND,24,QB,16,16,10/6/2000,357,571,62.5,4413,33,5.8,15,2.6,78,7.7,7.7,12.4,275.8,94.7,20,131,7.25,7.22,3.4,2,3,2000
Donovan McNabb*,PHI,24,QB,16,16,11/5/2000,330,569,58,3365,21,3.7,13,2.3,70,5.9,5.6,10.2,210.3,77.8,45,262,5.05,4.79,7.3,2,3,2000
Jeff Garcia*,SFO,30,QB,16,16,6/10/2000,355,561,63.3,4278,31,5.5,10,1.8,69,7.6,7.9,12.1,267.4,97.6,24,155,7.05,7.34,4.1,,,2000
Elvis Grbac*,KAN,30,QB,15,15,7/8/2000,326,547,59.6,4169,28,5.1,14,2.6,81,7.6,7.5,12.8,277.9,89.9,29,213,6.87,6.75,5,3,3,2000
Steve Beuerlein,CAR,35,QB,16,16,7/9/2000,324,533,60.8,3730,19,3.6,18,3.4,54,7,6.2,11.5,233.1,79.7,62,331,5.71,4.99,10.4,2,2,2000
Drew Bledsoe,NWE,28,QB,16,16,5/11/2000,312,531,58.8,3291,17,3.2,13,2.4,59,6.2,5.7,10.5,205.7,77.3,45,264,5.26,4.83,7.8,2,3,2000
Kerry Collins,NYG,28,QB,16,16,12/4/2000,311,529,58.8,3610,22,4.2,13,2.5,59,6.8,6.6,11.6,225.6,83.1,28,243,6.04,5.78,5,3,3,2000
Mark Brunell,JAX,30,QB,16,16,7/9/2000,311,512,60.7,3640,20,3.9,14,2.7,67,7.1,6.7,11.7,227.5,84,54,289,5.92,5.51,9.5,0,2,2000
Jake Plummer,ARI,26,QB,14,14,3/11/2000,270,475,56.8,2946,13,2.7,21,4.4,70,6.2,4.8,10.9,210.4,66,22,151,5.62,4.25,4.4,1,1,2000
Daunte Culpepper*,MIN,23,QB,16,16,11/5/2000,297,474,62.7,3937,33,7,16,3.4,78,8.3,8.2,13.3,246.1,98,34,181,7.39,7.28,6.7,3,4,2000
Rich Gannon*+,OAK,35,QB,16,16,12/4/2000,284,473,60,3430,28,5.9,11,2.3,84,7.3,7.4,12.1,214.4,92.4,28,124,6.6,6.73,5.6,3,4,2000
Shaun King,TAM,23,QB,16,16,10/6/2000,233,428,54.4,2769,18,4.2,13,3,75,6.5,5.9,11.9,173.1,75.8,37,240,5.44,4.95,8,3,3,2000
Jon Kitna,SEA,28,QB,15,12,6/6/2000,259,418,62,2658,18,4.3,19,4.5,71,6.4,5.2,10.3,177.2,75.6,33,166,5.53,4.43,7.3,2,4,2000
Charlie Batch,DET,26,QB,15,15,8/7/2000,221,412,53.6,2489,13,3.2,15,3.6,59,6,5,11.3,165.9,67.3,41,242,4.96,4.04,9.1,3,5,2000
Steve McNair*,TEN,27,QB,16,15,12/3/2000,248,396,62.6,2847,15,3.8,13,3.3,56,7.2,6.5,11.5,177.9,83.2,24,141,6.44,5.76,5.7,3,3,2000
Brad Johnson,WAS,32,QB,12,11,7/4/2000,228,365,62.5,2505,11,3,15,4.1,77,6.9,5.6,11,208.8,75.7,20,150,6.12,4.94,5.2,1,4,2000
Jay Fiedler,MIA,29,QB,15,15,10/5/2000,204,357,57.1,2402,14,3.9,14,3.9,61,6.7,5.7,11.8,160.1,74.5,23,129,5.98,5.06,6.1,2,2,2000
Kurt Warner*,STL,29,QB,11,11,8/3/2000,235,347,67.7,3429,21,6.1,18,5.2,85,9.9,8.8,14.6,311.7,98.3,20,115,9.03,7.97,5.4,1,2,2000
Brian Griese*,DEN,25,QB,10,10,7/3/2000,216,336,64.3,2688,19,5.7,4,1.2,61,8,8.6,12.4,268.8,102.9,17,139,7.22,7.79,4.8,0,1,2000
Chris Chandler,ATL,35,QB,14,13,4/9/2000,192,331,58,2236,10,3,12,3.6,55,6.8,5.7,11.6,159.7,73.5,40,251,5.35,4.43,10.8,1,2,2000
Ryan Leaf,SDG,24,QB,11,9,1/8/2000,161,322,50,1883,11,3.4,18,5.6,83,5.8,4,11.7,171.2,56.2,31,155,4.9,3.22,8.8,1,1,2000
Rob Johnson,BUF,27,QB,12,11,4/7/2000,175,306,57.2,2125,12,3.9,7,2.3,74,6.9,6.7,12.1,177.1,82.2,49,292,5.16,4.95,13.8,2,1,2000
Jeff Blake,NOR,30,QB,11,11,7/4/2000,184,302,60.9,2025,13,4.3,9,3,49,6.7,6.2,11,184.1,82.7,24,150,5.75,5.31,7.4,1,1,2000
Kordell Stewart,PIT,28,QB,16,11,7/4/2000,151,289,52.2,1860,11,3.8,8,2.8,45,6.4,6,12.3,116.3,73.6,30,150,5.36,4.92,9.4,1,1,2000
Cade McNown,CHI,23,QB,10,9,1/8/2000,154,280,55,1646,8,2.9,9,3.2,68,5.9,5,10.7,164.6,68.5,27,169,4.81,4.01,8.8,0,1,2000
Tony Banks,BAL,27,QB,11,8,5/3/2000,150,274,54.7,1578,8,2.9,8,2.9,53,5.8,5,10.5,143.5,69.3,20,152,4.85,4.17,6.8,1,1,2000
Akili Smith,CIN,25,QB,12,11,2/9/2000,118,267,44.2,1253,3,1.1,6,2.2,46,4.7,3.9,10.6,104.4,52.8,36,191,3.5,2.81,11.9,,,2000
Troy Aikman,DAL,34,QB,11,11,4/7/2000,156,262,59.5,1632,7,2.7,14,5.3,48,6.2,4.4,10.5,148.4,64.3,13,91,5.6,3.82,4.7,0,1,2000
Trent Green,STL,30,QB,8,5,2/3/2000,145,240,60.4,2063,16,6.7,5,2.1,64,8.6,9,14.2,257.9,101.8,24,145,7.27,7.63,9.1,0,1,2000
Gus Frerotte,DEN,29,QB,10,6,4/2/2000,138,232,59.5,1776,9,3.9,8,3.4,44,7.7,6.9,12.9,177.6,82.1,12,77,6.96,6.23,4.9,2,2,2000
Doug Flutie,BUF,38,QB,11,5,4/1/2000,132,231,57.1,1700,8,3.5,3,1.3,52,7.4,7.5,12.9,154.5,86.5,10,68,6.77,6.88,4.1,1,3,2000
Trent Dilfer,BAL,28,QB,11,8,7/1/2000,134,226,59.3,1502,12,5.3,11,4.9,59,6.6,5.5,11.2,136.5,76.6,23,135,5.49,4.47,9.2,1,1,2000
Tim Couch,CLE,23,QB,7,7,2/5/2000,137,215,63.7,1483,7,3.3,9,4.2,79,6.9,5.7,10.8,211.9,77.3,10,78,6.24,5.07,4.4,1,1,2000
Doug Pederson,CLE,32,QB,11,8,1/7/2000,117,210,55.7,1047,2,1,8,3.8,67,5,3.5,8.9,95.2,56.6,17,116,4.1,2.69,7.5,,,2000
Jim Harbaugh,SDG,37,QB,7,5,0-5-0,123,202,60.9,1416,8,4,10,5,62,7,5.6,11.5,202.3,74.6,14,96,6.11,4.77,6.5,,,2000
Aaron Brooks,NOR,24,QB,8,5,3/2/2000,113,194,58.2,1514,9,4.6,6,3.1,53,7.8,7.3,13.4,189.3,85.7,15,94,6.79,6.36,7.2,1,2,2000
Jeff George,WAS,33,QB,6,5,1/4/2000,113,194,58.2,1389,7,3.6,6,3.1,50,7.2,6.5,12.3,231.5,79.6,12,94,6.29,5.66,5.8,,,2000
Scott Mitchell,CIN,32,QB,8,5,2/3/2000,89,187,47.6,966,3,1.6,8,4.3,38,5.2,3.6,10.9,120.8,50.8,16,82,4.35,2.88,7.9,1,1,2000
Shane Matthews,CHI,30,QB,6,5,3/2/2000,102,178,57.3,964,3,1.7,6,3.4,41,5.4,4.2,9.5,160.7,64,5,24,5.14,3.99,2.7,0,1,2000
Kent Graham,PIT,32,QB,12,5,2/3/2000,66,148,44.6,878,1,0.7,1,0.7,77,5.9,5.8,13.3,73.2,63.4,13,70,5.02,4.86,8.1,,,2000
Randall Cunningham,DAL,37,NAN,6,3,1/2/2000,74,125,59.2,849,6,4.8,4,3.2,76,6.8,6.3,11.5,141.5,82.4,8,45,6.05,5.59,6,,,2000
Danny Kanell,ATL,27,NAN,5,1,0-1-0,57,116,49.1,524,2,1.7,5,4.3,35,4.5,2.9,9.2,104.8,49.6,8,60,3.74,2.25,6.5,,,2000
Stoney Case,DET,28,NAN,5,1,1-0-0,56,91,61.5,503,1,1.1,4,4.4,40,5.5,3.8,9,100.6,61.7,12,75,4.16,2.6,11.7,,,2000
Brock Huard,SEA,24,NAN,5,4,0-4-0,49,87,56.3,540,3,3.4,2,2.3,45,6.2,5.9,11,108,76.8,13,72,4.68,4.38,13,,,2000
Jim Miller,CHI,29,NAN,3,2,1/1/2000,47,82,57.3,382,1,1.2,1,1.2,34,4.7,4.4,8.1,127.3,68.2,2,7,4.46,4.17,2.4,,,2000
Dave Brown,ARI,30,NAN,6,2,0-2-0,40,69,58,467,2,2.9,3,4.3,44,6.8,5.4,11.7,77.8,70.1,10,53,5.24,4.04,12.7,,,2000
Doug Johnson,ATL,23,NAN,4,2,0-2-0,36,67,53.7,406,2,3,3,4.5,26,6.1,4.6,11.3,101.5,63.4,13,75,4.14,2.95,16.3,,,2000
Neil O'Donnell,TEN,34,NAN,7,1,1-0-0,36,64,56.3,530,2,3.1,3,4.7,67,8.3,6.8,14.7,75.7,74.3,3,23,7.57,6.15,4.5,2,2,2000
Damon Huard,MIA,27,NAN,16,1,1-0-0,39,63,61.9,318,1,1.6,3,4.8,29,5,3.2,8.2,19.9,60.2,4,22,4.42,2.7,6,1,1,2000
Spergon Wynn,CLE,22,NAN,7,1,0-1-0,22,54,40.7,167,0,0,1,1.9,32,3.1,2.3,7.6,23.9,41.2,13,89,1.16,0.49,19.4,,,2000
Moses Moreno,SDG,25,NAN,6,2,0-2-0,27,53,50.9,241,0,0,2,3.8,26,4.5,2.8,8.9,40.2,47.8,8,51,3.11,1.64,13.1,,,2000
Anthony Wright,DAL,24,NAN,4,2,0-2-0,22,53,41.5,237,0,0,3,5.7,46,4.5,1.9,10.8,59.3,31.7,12,92,2.23,0.15,18.5,,,2000
Ray Lucas,NYJ,28,NAN,7,0,,21,41,51.2,206,0,0,4,9.8,30,5,0.6,9.8,29.4,26.1,6,24,3.87,0.04,12.8,,,2000
Warren Moon,KAN,44,NAN,2,1,0-1-0,15,34,44.1,208,1,2.9,1,2.9,41,6.1,5.4,13.9,104,61.9,5,46,4.15,3.51,12.8,,,2000
Jamie Martin,JAX,30,NAN,5,0,,22,33,66.7,307,2,6.1,1,3,65,9.3,9.2,14,61.4,104,0,0,9.3,9.15,0,,,2000
Jeff Lewis,CAR,27,NAN,5,0,,16,32,50,120,0,0,1,3.1,16,3.8,2.3,7.5,24,46.4,7,51,1.77,0.62,17.9,,,2000
John Friesz,NWE,33,NAN,1,0,,11,21,52.4,66,0,0,1,4.8,17,3.1,1,6,66,39,3,16,2.08,0.21,12.5,,,2000
Bubby Brister,MIN,38,NAN,2,0,,10,20,50,82,0,0,1,5,20,4.1,1.9,8.2,41,40,1,6,3.62,1.48,4.8,,,2000
Rick Mirer,SFO,30,NAN,1,0,,10,20,50,126,1,5,0,0,26,6.3,7.3,12.6,126,86.7,1,6,5.71,6.67,4.8,,,2000
Matt Hasselbeck,GNB,25,NAN,16,0,,10,19,52.6,104,1,5.3,0,0,27,5.5,6.5,10.4,6.5,86.3,1,2,5.1,6.1,5,,,2000
Chris Greisen,ARI,24,NAN,3,0,,6,10,60,65,1,10,0,0,26,6.5,8.5,10.8,21.7,112.5,3,24,3.15,4.69,23.1,,,2000
Michael Bishop,NWE,24,NAN,8,0,,3,9,33.3,80,1,11.1,1,11.1,44,8.9,6.1,26.7,10,64.4,0,0,8.89,6.11,0,,,2000
Alex Van Pelt,BUF,30,NAN,1,0,,4,8,50,67,0,0,0,0,36,8.4,8.4,16.8,67,78.6,0,0,8.38,8.38,0,0,1,2000
Chad Pennington,NYJ,24,NAN,1,0,,2,5,40,67,1,20,0,0,62,13.4,17.4,33.5,67,127.1,1,4,10.5,13.83,16.7,,,2000
Clint Stoerner,DAL,23,NAN,1,0,,3,5,60,53,1,20,0,0,29,10.6,14.6,17.7,53,135.8,2,21,4.57,7.43,28.6,,,2000
Brian Mitchell,PHI,32,NAN,16,1,,1,4,25,21,0,0,0,0,21,5.3,5.3,21,1.3,49,0,0,5.25,5.25,0,,,2000
Tom Brady,NWE,23,NAN,1,0,,1,3,33.3,6,0,0,0,0,6,2,2,6,6,42.4,0,0,2,2,0,,,2000
Kevin Johnson,CLE,24,WR,16,16,,1,3,33.3,23,0,0,1,33.3,23,7.7,-7.3,23,1.4,22.2,0,0,7.67,-7.33,0,,,2000
Chris Redman,BAL,23,NAN,2,0,,2,3,66.7,19,0,0,0,0,12,6.3,6.3,9.5,9.5,84,0,0,6.33,6.33,0,,,2000
Eric Zeier,TAM,28,NAN,3,0,,3,3,100,19,0,0,0,0,14,6.3,6.3,6.3,6.3,93.1,0,0,6.33,6.33,0,,,2000
Jerome Bettis,PIT,28,RB,16,16,,0,2,0,0,0,0,1,50,0,0,-22.5,,0,0,0,0,0,-22.5,0,,,2000
Bobby Hoying,OAK,28,NAN,4,0,,0,2,0,0,0,0,0,0,0,0,0,,0,39.6,0,0,0,0,0,,,2000
Todd Husak,WAS,22,NAN,1,0,,2,2,100,-2,0,0,0,0,6,-1,-1,-1,-2,79.2,0,0,-1,-1,0,,,2000
Frank Wycheck*,TEN,29,TE,16,16,,2,2,100,53,1,50,0,0,30,26.5,36.5,26.5,3.3,158.3,0,0,26.5,36.5,0,,,2000
Louie Aguiar,CHI,34,NAN,9,0,,1,1,100,13,0,0,0,0,13,13,13,13,1.4,118.7,0,0,13,13,0,,,2000
Mike Alstott*,TAM,27,FB,13,13,,0,1,0,0,0,0,0,0,0,0,0,,0,39.6,0,0,0,0,0,,,2000
Mitch Berger,MIN,28,NAN,16,0,,0,1,0,0,0,0,1,100,0,0,-45,,0,0,0,0,0,-45,0,,,2000
Travis Brown,SEA,23,NAN,1,0,,0,1,0,0,0,0,0,0,0,0,0,,0,39.6,0,0,0,0,0,,,2000
Robert Chancey,SDG,28,NAN,4,3,,0,1,0,0,0,0,0,0,0,0,0,,0,39.6,0,0,0,0,0,,,2000
Koy Detmer,PHI,27,NAN,16,0,,0,1,0,0,0,0,1,100,0,0,-45,,0,0,0,0,0,-45,0,,,2000
Jeff Feagles,SEA,34,NAN,16,0,,0,1,0,0,0,0,0,0,0,0,0,,0,39.6,0,0,0,0,0,,,2000
Ahman Green,GNB,23,RB,16,11,,0,1,0,0,0,0,0,0,0,0,0,,0,39.6,0,0,0,0,0,,,2000
Mark Hartsell,CHI,27,NAN,1,0,,0,1,0,0,0,0,0,0,0,0,0,,0,39.6,0,0,0,0,0,,,2000
Jarious Jackson,DEN,23,NAN,2,0,,0,1,0,0,0,0,0,0,0,0,0,,0,39.6,1,5,-2.5,-2.5,50,,,2000
Lee Johnson,NWE,39,NAN,16,0,,1,1,100,18,0,0,0,0,18,18,18,18,1.1,118.7,0,0,18,18,0,,,2000
Jermaine Lewis,BAL,26,NAN,15,1,,1,1,100,3,0,0,0,0,3,3,3,3,0.2,79.2,0,0,3,3,0,,,2000
Curtis Martin,NYJ,27,RB,16,16,,1,1,100,18,1,100,0,0,18,18,38,18,1.1,158.3,0,0,18,38,0,,,2000
Chris Mohr,BUF,34,NAN,16,0,,1,1,100,44,0,0,0,0,44,44,44,44,2.8,118.7,0,0,44,44,0,,,2000
Sylvester Morris,KAN,23,WR,15,14,,1,1,100,31,0,0,0,0,31,31,31,31,2.1,118.7,0,0,31,31,0,,,2000
Tim Rattay,SFO,23,NAN,1,0,,1,1,100,-4,0,0,0,0,-4,-4,-4,-4,-4,79.2,0,0,-4,-4,0,,,2000
Jerry Rice,SFO,38,WR,16,16,,0,1,0,0,0,0,0,0,0,0,0,,0,39.6,0,0,0,0,0,,,2000
Mark Royals,TAM,35,NAN,16,0,,1,1,100,36,0,0,0,0,36,36,36,36,2.3,118.7,0,0,36,36,0,,,2000
Torrance Small,PHI,30,WR,14,14,,0,1,0,0,0,0,1,100,0,0,-45,,0,0,0,0,0,-45,0,,,2000
Lamar Smith,MIA,30,RB,15,15,,0,1,0,0,0,0,0,0,0,0,0,,0,39.6,0,0,0,0,0,,,2000
Kevin Thompson,CLE,23,NAN,1,0,,1,1,100,8,0,0,0,0,8,8,8,8,8,100,0,0,8,8,0,,,2000
Ken Walter,CAR,28,NAN,16,0,,0,1,0,0,0,0,0,0,0,0,0,,0,39.6,0,0,0,0,0,,,2000
Ricky Williams,NOR,23,RB,10,10,,1,1,100,34,0,0,0,0,34,34,34,34,3.4,118.7,0,0,34,34,0,,,2000
Jon Kitna,CIN,29,QB,16,15,6/9/2000,313,581,53.9,3216,12,2.1,22,3.8,49,5.5,4.2,10.3,201,61.1,25,185,5,3.76,4.1,3,3,2001
Kerry Collins,NYG,29,QB,16,16,7/9/2000,327,568,57.6,3764,19,3.3,16,2.8,76,6.6,6,11.5,235.3,77.1,36,206,5.89,5.33,6,3,4,2001
Brad Johnson,TAM,33,QB,16,16,9/7/2000,340,559,60.8,3406,13,2.3,11,2,47,6.1,5.7,10,212.9,77.7,44,269,5.2,4.81,7.3,3,5,2001
Aaron Brooks,NOR,25,QB,16,16,7/9/2000,312,558,55.9,3832,26,4.7,22,3.9,63,6.9,6,12.3,239.5,76.4,50,330,5.76,4.99,8.2,2,3,2001
Rich Gannon*,OAK,36,QB,16,16,10/6/2000,361,549,65.8,3828,27,4.9,9,1.6,49,7,7.2,10.6,239.3,95.5,27,155,6.38,6.61,4.7,1,2,2001
Peyton Manning,IND,25,QB,16,16,6/10/2000,343,547,62.7,4131,26,4.8,23,4.2,86,7.6,6.6,12,258.2,84.1,29,232,6.77,5.88,5,,,2001
Kurt Warner*+,STL,30,QB,16,16,14-2-0,375,546,68.7,4830,36,6.6,22,4,65,8.8,8.4,12.9,301.9,101.4,38,233,7.87,7.41,6.5,1,2,2001
Chris Weinke,CAR,29,QB,15,15,1/14/2000,293,540,54.3,2931,11,2,19,3.5,48,5.4,4.3,10,195.4,62,26,177,4.87,3.74,4.6,,,2001
Jake Plummer,ARI,27,QB,16,16,7/9/2000,304,525,57.9,3653,18,3.4,14,2.7,68,7,6.4,12,228.3,79.6,29,204,6.23,5.74,5.2,3,4,2001
Trent Green,KAN,31,QB,16,16,6/10/2000,296,523,56.6,3783,17,3.3,24,4.6,67,7.2,5.8,12.8,236.4,71.1,39,198,6.38,5.06,6.9,2,3,2001
Doug Flutie,SDG,39,QB,16,16,5/11/2000,294,521,56.4,3464,15,2.9,18,3.5,78,6.6,5.7,11.8,216.5,72,25,168,6.04,5.1,4.6,1,1,2001
Brett Favre*,GNB,32,QB,16,16,12/4/2000,314,510,61.6,3921,32,6.3,15,2.9,67,7.7,7.6,12.5,245.1,94.1,22,151,7.09,7.02,4.1,1,3,2001
Jeff Garcia*,SFO,31,QB,16,16,12/4/2000,316,504,62.7,3538,32,6.3,12,2.4,61,7,7.2,11.2,221.1,94.8,26,114,6.46,6.65,4.9,4,4,2001
Donovan McNabb*,PHI,25,QB,16,16,11/5/2000,285,493,57.8,3233,25,5.1,12,2.4,64,6.6,6.5,11.3,202.1,84.3,39,273,5.56,5.49,7.3,2,2,2001
Mark Brunell,JAX,31,QB,15,15,6/9/2000,289,473,61.1,3309,19,4,13,2.7,44,7,6.6,11.4,220.6,84.1,57,387,5.51,5.13,10.8,1,1,2001
Elvis Grbac,BAL,31,QB,14,14,8/6/2000,265,467,56.7,3033,15,3.2,18,3.9,77,6.5,5.4,11.4,216.6,71.1,28,215,5.69,4.66,5.7,2,4,2001
Tim Couch,CLE,24,QB,16,16,7/9/2000,272,454,59.9,3040,17,3.7,21,4.6,78,6.7,5.4,11.2,190,73.1,51,353,5.32,4.12,10.1,3,3,2001
Brian Griese,DEN,26,QB,15,15,8/7/2000,275,451,61,2827,23,5.1,19,4.2,65,6.3,5.4,10.3,188.5,78.5,38,241,5.29,4.48,7.8,1,1,2001
Jay Fiedler,MIA,30,QB,16,16,11/5/2000,273,450,60.7,3290,20,4.4,19,4.2,74,7.3,6.3,12.1,205.6,80.3,27,178,6.52,5.57,5.7,4,4,2001
Kordell Stewart*,PIT,29,QB,16,16,13-3-0,266,442,60.2,3109,14,3.2,11,2.5,90,7,6.5,11.7,194.3,81.7,29,175,6.23,5.77,6.2,1,1,2001
Vinny Testaverde,NYJ,38,QB,16,16,10/6/2000,260,441,59,2752,15,3.4,14,3.2,40,6.2,5.5,10.6,172,75.3,18,122,5.73,5.01,3.9,5,5,2001
Steve McNair,TEN,28,QB,15,15,7/8/2000,264,431,61.3,3350,21,4.9,12,2.8,71,7.8,7.5,12.7,223.3,90.2,37,251,6.62,6.37,7.9,1,4,2001
Tom Brady*,NWE,24,QB,15,14,11/3/2000,264,413,63.9,2843,18,4.4,12,2.9,91,6.9,6.4,10.8,189.5,86.5,41,216,5.79,5.39,9,4,5,2001
Jim Miller,CHI,30,QB,14,13,11/2/2000,228,395,57.7,2299,13,3.3,10,2.5,66,5.8,5.3,10.1,164.2,74.9,11,72,5.49,5.02,2.7,3,3,2001
Tony Banks,WAS,28,QB,15,14,8/6/2000,198,370,53.5,2386,10,2.7,10,2.7,85,6.4,5.8,12.1,159.1,71.3,29,173,5.55,4.92,7.3,1,1,2001
Daunte Culpepper,MIN,24,QB,11,11,4/7/2000,235,366,64.2,2612,14,3.8,13,3.6,57,7.1,6.3,11.1,237.5,83.3,33,186,6.08,5.32,8.3,2,2,2001
Chris Chandler,ATL,36,QB,14,14,6/8/2000,223,365,61.1,2847,16,4.4,14,3.8,94,7.8,7,12.8,203.4,84.1,41,261,6.37,5.61,10.1,0,2,2001
Charlie Batch,DET,27,QB,10,9,0-9-0,198,341,58.1,2392,12,3.5,12,3.5,76,7,6.1,12.1,239.2,76.8,33,176,5.93,5.12,8.8,,,2001
Matt Hasselbeck,SEA,26,QB,13,12,5/7/2000,176,321,54.8,2023,7,2.2,8,2.5,64,6.3,5.6,11.5,155.6,70.9,38,251,4.94,4.32,10.6,0,2,2001
Alex Van Pelt,BUF,31,QB,12,8,2/6/2000,178,307,58,2056,12,3.9,11,3.6,80,6.7,5.9,11.6,171.3,76.4,14,73,6.18,5.38,4.4,1,1,2001
Rob Johnson,BUF,28,QB,8,8,1/7/2000,134,216,62,1465,5,2.3,7,3.2,61,6.8,5.8,10.9,183.1,76.3,31,196,5.14,4.27,12.6,0,1,2001
Quincy Carter,DAL,24,QB,8,8,3/5/2000,90,176,51.1,1072,5,2.8,7,4,64,6.1,4.9,11.9,134,63,12,56,5.4,4.26,6.4,0,2,2001
Ty Detmer,DET,34,QB,4,4,1/3/2000,92,151,60.9,906,3,2,10,6.6,27,6,3.4,9.8,226.5,56.9,12,75,5.1,2.71,7.4,1,1,2001
Shane Matthews,CHI,31,NAN,4,3,2/1/2000,84,129,65.1,694,5,3.9,6,4.7,34,5.4,4.1,8.3,173.5,72.3,6,48,4.79,3.53,4.4,2,0,2001
Trent Dilfer,SEA,29,NAN,6,4,4-0-0,73,122,59.8,1014,7,5.7,4,3.3,54,8.3,8,13.9,169,92,10,72,7.14,6.83,7.6,0,0,2001
Mike McMahon,DET,22,NAN,8,3,1/2/2000,53,115,46.1,671,3,2.6,1,0.9,69,5.8,6,12.7,83.9,69.9,21,122,4.04,4.15,15.4,1,1,2001
Michael Vick,ATL,21,NAN,8,2,1/1/2000,50,113,44.2,785,2,1.8,3,2.7,52,6.9,6.1,15.7,98.1,62.7,21,113,5.01,4.31,15.7,,,2001
Anthony Wright,DAL,25,NAN,4,3,1/2/2000,48,98,49,529,5,5.1,5,5.1,80,5.4,4.1,11,132.3,61.1,5,30,4.84,3.63,4.9,1,1,2001
Spergon Wynn,MIN,23,NAN,3,2,0-2-0,48,98,49,418,1,1,6,6.1,47,4.3,1.7,8.7,139.3,38.6,10,65,3.27,0.95,9.3,,,2001
Todd Bouman,MIN,29,NAN,5,3,1/2/2000,51,89,57.3,795,8,9,4,4.5,80,8.9,8.7,15.6,159,98.3,4,27,8.26,8.04,4.3,,,2001
Randall Cunningham,BAL,38,NAN,6,2,2-0-0,54,89,60.7,573,3,3.4,2,2.2,30,6.4,6.1,10.6,95.5,81.3,12,66,5.02,4.72,11.9,1,2,2001
Ryan Leaf,DAL,25,NAN,4,3,0-3-0,45,88,51.1,494,1,1.1,3,3.4,38,5.6,4.3,11,123.5,57.7,12,82,4.12,2.97,12,,,2001
Neil O'Donnell,TEN,35,NAN,5,1,0-1-0,42,76,55.3,496,2,2.6,2,2.6,35,6.5,5.9,11.8,99.2,73.1,6,58,5.34,4.73,7.3,,,2001
Drew Bledsoe,NWE,29,NAN,2,2,0-2-0,40,66,60.6,400,2,3,2,3,58,6.1,5.3,10,200,75.3,5,21,5.34,4.63,7,,,2001
Jonathan Quinn,JAX,26,NAN,6,1,0-1-0,32,61,52.5,361,1,1.6,1,1.6,45,5.9,5.5,11.3,60.2,69.1,6,43,4.75,4.37,9,,,2001
Clint Stoerner,DAL,24,NAN,4,2,1/1/2000,26,49,53.1,314,3,6.1,5,10.2,28,6.4,3,12.1,78.5,53.8,5,22,5.41,2.35,9.3,,,2001
Gus Frerotte,DEN,30,NAN,4,1,0-1-0,30,48,62.5,308,3,6.3,0,0,26,6.4,7.7,10.3,77,101.7,3,21,5.63,6.8,5.9,,,2001
Jeff George,WAS,34,NAN,2,2,0-2-0,23,42,54.8,168,0,0,3,7.1,17,4,0.8,7.3,84,34.6,6,38,2.71,-0.1,12.5,,,2001
Travis Brown,BUF,24,NAN,1,0,,15,33,45.5,201,1,3,2,6.1,34,6.1,4,13.4,201,50.2,1,2,5.85,3.79,2.9,,,2001
Shaun King,TAM,24,NAN,3,0,,21,31,67.7,210,0,0,1,3.2,42,6.8,5.3,10,70,73.3,3,29,5.32,4,8.8,,,2001
Matt Lytle,CAR,26,NAN,3,1,0-1-0,17,30,56.7,133,1,3.3,3,10,28,4.4,0.6,7.8,44.3,39.3,3,24,3.3,-0.18,9.1,,,2001
Drew Brees,SDG,22,NAN,1,0,,15,27,55.6,221,1,3.7,0,0,40,8.2,8.9,14.7,221,94.8,2,12,7.21,7.9,6.9,,,2001
Chad Pennington,NYJ,25,NAN,2,0,,10,20,50,92,1,5,0,0,24,4.6,5.6,9.2,46,79.6,1,8,4,4.95,4.8,,,2001
Kent Graham,WAS,33,NAN,3,0,,13,19,68.4,131,2,10.5,0,0,16,6.9,9,10.1,43.7,122.9,2,16,5.48,7.38,9.5,2,2,2001
Brock Huard,SEA,25,NAN,1,0,,9,17,52.9,127,1,5.9,0,0,44,7.5,8.6,14.1,127,96.9,1,5,6.78,7.89,5.6,,,2001
Koy Detmer,PHI,28,NAN,16,0,,5,14,35.7,51,0,0,1,7.1,16,3.6,0.4,10.2,3.2,17.3,1,9,2.8,-0.2,6.7,,,2001
A.J. Feeley,PHI,24,NAN,1,0,,10,14,71.4,143,2,14.3,1,7.1,27,10.2,9.9,14.3,143,114,0,0,10.21,9.86,0,1,1,2001
Kelly Holcomb,CLE,28,NAN,1,0,,7,12,58.3,114,1,8.3,0,0,25,9.5,11.2,16.3,114,118.1,0,0,9.5,11.17,0,,,2001
Jarious Jackson,DEN,24,NAN,1,0,,7,12,58.3,73,0,0,0,0,19,6.1,6.1,10.4,73,76,1,6,5.15,5.15,7.7,,,2001
Scott Mitchell,CIN,33,NAN,1,0,,4,12,33.3,38,0,0,3,25,16,3.2,-8.1,9.5,38,3.5,2,15,1.64,-8,14.3,,,2001
Tommy Maddox,PIT,30,NAN,3,0,,7,9,77.8,154,1,11.1,1,11.1,57,17.1,14.3,22,51.3,116.2,1,4,15,12.5,10,,,2001
Mark Rypien,IND,39,NAN,4,0,,5,9,55.6,57,0,0,0,0,21,6.3,6.3,11.4,14.3,74.8,1,6,5.1,5.1,10,,,2001
Dameyune Craig,CAR,27,NAN,2,0,,4,8,50,34,0,0,0,0,18,4.3,4.3,8.5,17,61.5,2,15,1.9,1.9,20,,,2001
Akili Smith,CIN,26,NAN,2,1,0-1-0,5,8,62.5,37,0,0,0,0,14,4.6,4.6,7.4,18.5,73.4,1,3,3.78,3.78,11.1,,,2001
Doug Johnson,ATL,24,NAN,3,0,,3,5,60,23,1,20,0,0,14,4.6,8.6,7.7,7.7,110.8,2,13,1.43,4.29,28.6,1,1,2001
Todd Collins,KAN,30,NAN,1,0,,3,4,75,40,0,0,0,0,26,10,10,13.3,40,106.2,0,0,10,10,0,,,2001
Marques Tuiasosopo,OAK,22,NAN,1,0,,3,4,75,34,0,0,0,0,15,8.5,8.5,11.3,34,100,0,0,8.5,8.5,0,,,2001
Ray Lucas,MIA,29,NAN,10,0,,2,3,66.7,45,0,0,0,0,28,15,15,22.5,4.5,109.7,0,0,15,15,0,0,0,2001
Jamie Martin,STL,31,NAN,5,0,,3,3,100,22,0,0,0,0,10,7.3,7.3,7.3,4.4,97.2,2,7,3,3,40,,,2001
Billy Volek,TEN,25,NAN,1,0,,0,3,0,0,0,0,0,0,0,0,0,,0,39.6,0,0,0,0,0,,,2001
Jerome Bettis*,PIT,29,RB,11,11,,1,2,50,32,1,50,0,0,32,16,26,32,2.9,135.4,0,0,16,26,0,,,2001
Marty Booker,CHI,25,WR,16,16,,1,2,50,34,1,50,0,0,34,17,27,34,2.1,135.4,0,0,17,27,0,,,2001
Jeff Feagles,SEA,35,NAN,16,0,,0,2,0,0,0,0,0,0,0,0,0,,0,39.6,0,0,0,0,0,,,2001
Mike Green,TEN,25,NAN,16,1,,0,2,0,0,0,0,2,100,0,0,-45,,0,0,0,0,0,-45,0,,,2001
Craig Hentrich,TEN,30,NAN,16,0,,0,2,0,0,0,0,1,50,0,0,-22.5,,0,0,0,0,0,-22.5,0,,,2001
Deuce McAllister,NOR,23,NAN,16,4,,1,2,50,12,1,50,0,0,12,6,16,12,0.8,108.3,0,0,6,16,0,,,2001
Chris Mohr,ATL,35,NAN,16,0,,2,2,100,40,0,0,0,0,42,20,20,20,2.5,118.7,0,0,20,20,0,,,2001
David Patten,NWE,27,WR,16,14,,1,2,50,60,1,50,1,50,60,30,17.5,60,3.8,95.8,0,0,30,17.5,0,,,2001
Tim Rattay,SFO,24,NAN,3,0,,2,2,100,21,0,0,0,0,20,10.5,10.5,10.5,7,110.4,0,0,10.5,10.5,0,,,2001
Lamont Warren,DET,28,NAN,16,3,,0,2,0,0,0,0,1,50,0,0,-22.5,,0,0,0,0,0,-22.5,0,,,2001
Mitch Berger,MIN,29,NAN,12,0,,0,1,0,0,0,0,0,0,0,0,0,,0,39.6,0,0,0,0,0,,,2001
Jeff Blake,NOR,31,NAN,1,0,,0,1,0,0,0,0,0,0,0,0,0,,0,39.6,0,0,0,0,0,,,2001
Ken Dilger*,IND,30,TE,16,16,,1,1,100,39,1,100,0,0,39,39,59,39,2.4,158.3,0,0,39,59,0,,,2001
Corey Dillon*,CIN,27,RB,16,16,,0,1,0,0,0,0,1,100,0,0,-45,,0,0,0,0,0,-45,0,,,2001
Kevin Faulk,NWE,25,NAN,15,1,,1,1,100,23,0,0,0,0,23,23,23,23,1.5,118.7,0,0,23,23,0,,,2001
Marshall Faulk*+,STL,28,RB,14,14,,0,1,0,0,0,0,0,0,0,0,0,,0,39.6,0,0,0,0,0,,,2001
Joey Galloway,DAL,30,WR,16,16,,1,1,100,-1,0,0,0,0,-1,-1,-1,-1,-0.1,79.2,0,0,-1,-1,0,,,2001
Tony Gonzalez*+,KAN,25,TE,16,16,,1,1,100,40,0,0,0,0,40,40,40,40,2.5,118.7,0,0,40,40,0,,,2001
Martin Gramatica,TAM,26,NAN,14,0,,0,1,0,0,0,0,0,0,0,0,0,,0,39.6,0,0,0,0,0,,,2001
Az-Zahir Hakim,STL,24,NAN,16,1,,1,1,100,51,1,100,0,0,51,51,71,51,3.2,158.3,0,0,51,71,0,,,2001
Joe Horn*,NOR,29,WR,16,16,,0,1,0,0,0,0,0,0,0,0,0,,0,39.6,0,0,0,0,0,,,2001
Richard Huntley,CAR,29,RB,14,9,,0,1,0,0,0,0,0,0,0,0,0,,0,39.6,1,0,0,0,50,,,2001
Leon Johnson,CHI,27,NAN,12,0,,1,1,100,18,0,0,0,0,18,18,18,18,1.5,118.7,0,0,18,18,0,,,2001
LaMont Jordan,NYJ,23,NAN,16,0,,0,1,0,0,0,0,0,0,0,0,0,,0,39.6,0,0,0,0,0,,,2001
Micah Knorr,DAL,26,NAN,16,0,,0,1,0,0,0,0,0,0,0,0,0,,0,39.6,0,0,0,0,0,,,2001
Kevin Lockett,WAS,27,NAN,16,0,,1,1,100,31,1,100,0,0,31,31,51,31,1.9,158.3,0,0,31,51,0,,,2001
Curtis Martin*,NYJ,28,RB,16,16,,1,1,100,18,1,100,0,0,18,18,38,18,1.1,158.3,0,0,18,38,0,,,2001
Brad Maynard,CHI,27,NAN,16,0,,1,1,100,27,1,100,0,0,27,27,47,27,1.7,158.3,0,0,27,47,0,,,2001
Freddie Mitchell,PHI,23,NAN,15,1,,0,1,0,0,0,0,0,0,0,0,0,,0,39.6,0,0,0,0,0,,,2001
Brian Moorman,BUF,25,NAN,16,0,,0,1,0,0,0,0,0,0,0,0,0,,0,39.6,0,0,0,0,0,,,2001
Randy Moss,MIN,24,WR,16,16,,1,1,100,29,0,0,0,0,29,29,29,29,1.8,118.7,0,0,29,29,0,,,2001
Kyle Richardson,BAL,28,NAN,16,0,,1,1,100,-11,0,0,0,0,-11,-11,-11,-11,-0.7,79.2,0,0,-11,-11,0,,,2001
Mark Royals,TAM,36,NAN,16,0,,1,1,100,5,0,0,0,0,5,5,5,5,0.3,87.5,0,0,5,5,0,,,2001
Frank Sanders,ARI,28,WR,15,13,,0,1,0,0,0,0,0,0,0,0,0,,0,39.6,0,0,0,0,0,,,2001
Tom Tupa,NYJ,35,NAN,15,0,,1,1,100,9,0,0,0,0,9,9,9,9,0.6,104.2,0,0,9,9,0,,,2001
Hines Ward*,PIT,25,WR,16,16,,0,1,0,0,0,0,0,0,0,0,0,,0,39.6,1,3,-1.5,-1.5,50,,,2001
Frank Wycheck,TEN,30,TE,16,16,,1,1,100,21,0,0,0,0,21,21,21,21,1.3,118.7,0,0,21,21,0,,,2001
Rich Gannon*+,OAK,37,QB,16,16,11/5/2000,418,618,67.6,4689,26,4.2,10,1.6,75,7.6,7.7,11.2,293.1,97.3,36,214,6.84,6.95,5.5,1,1,2002
Drew Bledsoe*,BUF,30,QB,16,16,8/8/2000,375,610,61.5,4359,24,3.9,15,2.5,73,7.1,6.8,11.6,272.4,86,54,369,6.01,5.72,8.1,2,4,2002
Tom Brady,NWE,25,QB,16,16,9/7/2000,373,601,62.1,3764,28,4.7,14,2.3,49,6.3,6.1,10.1,235.3,85.7,31,190,5.66,5.54,4.9,2,3,2002
Peyton Manning*,IND,26,QB,16,16,10/6/2000,392,591,66.3,4200,27,4.6,19,3.2,69,7.1,6.6,10.7,262.5,88.8,23,145,6.6,6.09,3.7,4,5,2002
Brett Favre*,GNB,33,QB,16,16,12/4/2000,341,551,61.9,3658,27,4.9,16,2.9,85,6.6,6.3,10.7,228.6,85.6,26,188,6.01,5.7,4.5,3,3,2002
Daunte Culpepper,MIN,25,QB,16,16,6/10/2000,333,549,60.7,3853,18,3.3,23,4.2,61,7,5.8,11.6,240.8,75.3,47,244,6.06,4.92,7.9,3,4,2002
Kerry Collins,NYG,30,QB,16,16,10/6/2000,335,545,61.5,4073,19,3.5,14,2.6,82,7.5,7,12.2,254.6,85.4,24,152,6.89,6.45,4.2,5,5,2002
Jake Plummer,ARI,28,QB,16,16,5/11/2000,284,530,53.6,2972,18,3.4,20,3.8,80,5.6,4.6,10.5,185.8,65.7,36,248,4.81,3.86,6.4,2,4,2002
Aaron Brooks,NOR,26,QB,16,16,9/7/2000,283,528,53.6,3572,27,5.1,15,2.8,64,6.8,6.5,12.6,223.3,80.1,36,236,5.91,5.68,6.4,3,3,2002
Jeff Garcia*,SFO,32,QB,16,16,10/6/2000,328,528,62.1,3344,21,4,10,1.9,76,6.3,6.3,10.2,209,85.6,17,93,5.97,5.91,3.1,3,5,2002
Drew Brees,SDG,23,QB,16,16,8/8/2000,320,526,60.8,3284,17,3.2,16,3,52,6.2,5.5,10.3,205.3,76.9,24,180,5.64,4.95,4.4,2,4,2002
Steve McNair,TEN,29,QB,16,16,11/5/2000,301,492,61.2,3387,22,4.5,15,3,55,6.9,6.4,11.3,211.7,84,21,121,6.37,5.91,4.1,4,4,2002
Jon Kitna,CIN,30,QB,14,12,2/10/2000,294,473,62.2,3178,16,3.4,16,3.4,72,6.7,5.9,10.8,227,79.1,24,159,6.07,5.27,4.8,1,1,2002
Trent Green,KAN,32,QB,16,16,8/8/2000,287,470,61.1,3690,26,5.5,13,2.8,99,7.9,7.7,12.9,230.6,92.6,26,141,7.16,7.02,5.2,4,4,2002
Brad Johnson*,TAM,34,QB,13,13,10/3/2000,281,451,62.3,3049,22,4.9,6,1.3,76,6.8,7.1,10.9,234.5,92.9,21,121,6.2,6.56,4.4,0,1,2002
David Carr,HOU,23,QB,16,16,4/12/2000,233,444,52.5,2592,9,2,15,3.4,81,5.8,4.7,11.1,162,62.8,76,411,4.19,3.24,14.6,2,3,2002
Tim Couch,CLE,25,QB,14,14,8/6/2000,273,443,61.6,2842,18,4.1,18,4.1,78,6.4,5.4,10.4,203,76.8,30,213,5.56,4.61,6.3,3,4,2002
Brian Griese,DEN,27,QB,13,13,8/5/2000,291,436,66.7,3214,15,3.4,15,3.4,82,7.4,6.5,11,247.2,85.6,34,237,6.33,5.54,7.2,1,1,2002
Joey Harrington,DET,24,QB,14,12,3/9/2000,215,429,50.1,2294,12,2.8,16,3.7,64,5.3,4.2,10.7,163.9,59.9,8,75,5.08,3.98,1.8,2,2,2002
Michael Vick*,ATL,22,QB,15,15,8/6/2001,231,421,54.9,2936,16,3.8,8,1.9,74,7,6.9,12.7,195.7,81.6,33,206,6.01,5.93,7.3,2,2,2002
Matt Hasselbeck,SEA,27,QB,16,10,5/5/2000,267,419,63.7,3075,15,3.6,10,2.4,49,7.3,7,11.5,192.2,87.8,26,143,6.59,6.25,5.8,1,3,2002
Mark Brunell,JAX,32,QB,15,15,6/9/2000,245,416,58.9,2788,17,4.1,7,1.7,79,6.7,6.8,11.4,185.9,85.7,34,210,5.73,5.78,7.6,0,1,2002
Chad Pennington,NYJ,26,QB,15,12,8/4/2000,275,399,68.9,3120,22,5.5,6,1.5,47,7.8,8.2,11.3,208,104.2,22,135,7.09,7.49,5.2,1,2,2002
Rodney Peete,CAR,36,QB,14,14,7/7/2000,223,381,58.5,2630,15,3.9,14,3.7,69,6.9,6,11.8,187.9,77.4,31,192,5.92,5.12,7.5,0,1,2002
Tommy Maddox,PIT,31,QB,15,11,7/3/2001,234,377,62.1,2836,20,5.3,16,4.2,72,7.5,6.7,12.1,189.1,85.2,26,148,6.67,5.88,6.5,3,3,2002
Donovan McNabb*,PHI,26,QB,10,10,7/3/2000,211,361,58.4,2289,17,4.7,6,1.7,59,6.3,6.5,10.8,228.9,86,28,166,5.46,5.64,7.2,0,1,2002
Jim Miller,CHI,31,QB,10,8,2/6/2000,180,314,57.3,1944,13,4.1,9,2.9,54,6.2,5.7,10.8,194.4,77.5,16,101,5.58,5.15,4.8,2,2,2002
Jeff Blake,BAL,32,QB,11,10,4/6/2000,165,295,55.9,2084,13,4.4,11,3.7,77,7.1,6.3,12.6,189.5,77.3,30,203,5.79,5.06,9.2,1,1,2002
Jay Fiedler,MIA,31,QB,11,10,7/3/2000,179,292,61.3,2024,14,4.8,9,3.1,59,6.9,6.5,11.3,184,85.2,13,89,6.34,5.93,4.3,1,1,2002
Chad Hutchinson,DAL,25,QB,9,9,2/7/2000,127,250,50.8,1555,7,2.8,8,3.2,58,6.2,5.3,12.2,172.8,66.3,34,265,4.54,3.77,12,1,1,2002
Shane Matthews,WAS,32,QB,8,7,3/4/2000,124,237,52.3,1251,11,4.6,6,2.5,43,5.3,5.1,10.1,156.4,72.6,9,54,4.87,4.66,3.7,,,2002
Patrick Ramsey,WAS,23,QB,9,5,2/3/2000,117,227,51.5,1539,9,4,8,3.5,62,6.8,6,13.2,171,71.8,18,132,5.74,5.01,7.3,,,2002
Quincy Carter,DAL,25,QB,7,7,3/4/2000,125,221,56.6,1465,7,3.2,8,3.6,80,6.6,5.6,11.7,209.3,72.3,19,130,5.56,4.65,7.9,2,2,2002
Kurt Warner,STL,31,QB,7,6,0-6-0,144,220,65.5,1431,3,1.4,11,5,43,6.5,4.5,9.9,204.4,67.4,21,130,5.4,3.59,8.7,,,2002
Marc Bulger,STL,25,QB,7,7,6/1/2000,138,214,64.5,1826,14,6.5,6,2.8,58,8.5,8.6,13.2,260.9,101.5,12,102,7.63,7.67,5.3,2,2,2002
Jamie Martin,STL,32,QB,5,2,0-2-0,124,195,63.6,1216,7,3.6,10,5.1,33,6.2,4.6,9.8,243.2,71.7,10,77,5.56,4.04,4.9,0,0,2002
Chris Redman,BAL,25,QB,6,6,3/3/2000,97,182,53.3,1034,7,3.8,3,1.6,36,5.7,5.7,10.7,172.3,76.1,11,68,5.01,5.03,5.7,,,2002
Trent Dilfer,SEA,30,QB,6,6,2/4/2000,94,168,56,1182,4,2.4,6,3.6,83,7,5.9,12.6,197,71.1,7,36,6.55,5.46,4,,,2002
Kordell Stewart,PIT,30,QB,7,5,3/2/2000,109,166,65.7,1155,6,3.6,6,3.6,64,7,6.1,10.6,165,82.8,7,46,6.41,5.54,4,1,1,2002
Chris Chandler,CHI,37,QB,9,7,2/5/2000,103,161,64,1023,4,2.5,4,2.5,76,6.4,5.7,9.9,113.7,79.8,23,144,4.78,4.23,12.5,,,2002
Ray Lucas,MIA,30,QB,7,6,2/4/2000,92,160,57.5,1045,4,2.5,6,3.8,77,6.5,5.3,11.4,149.3,69.9,12,90,5.55,4.45,7,,,2002
A.J. Feeley,PHI,25,QB,6,5,4/1/2000,86,154,55.8,1011,6,3.9,5,3.2,53,6.6,5.9,11.8,168.5,75.4,7,48,5.98,5.33,4.3,,,2002
Mike McMahon,DET,23,NAN,8,4,0-4-0,62,147,42.2,874,7,4.8,9,6.1,49,5.9,4.1,14.1,109.3,52.4,12,99,4.87,3.21,7.5,,,2002
Steve Beuerlein,DEN,37,NAN,8,3,1/2/2000,68,117,58.1,925,6,5.1,5,4.3,52,7.9,7,13.6,115.6,82.7,12,78,6.57,5.75,9.3,,,2002
Kelly Holcomb,CLE,29,NAN,4,2,1/1/2000,64,106,60.4,790,8,7.5,4,3.8,44,7.5,7.3,12.3,197.5,92.9,5,40,6.76,6.58,4.5,1,1,2002
Danny Wuerffel,WAS,28,NAN,7,4,2/2/2000,58,92,63,719,3,3.3,6,6.5,40,7.8,5.5,12.4,102.7,70.9,11,83,6.17,4.14,10.7,,,2002
Rob Johnson,TAM,29,NAN,6,2,2-0-0,57,88,64.8,536,1,1.1,2,2.3,23,6.1,5.3,9.4,89.3,75.8,19,94,4.13,3.48,17.8,1,1,2002
Gus Frerotte,CIN,31,NAN,4,3,0-3-0,44,85,51.8,437,1,1.2,5,5.9,51,5.1,2.7,9.9,109.3,46.1,10,74,3.82,1.66,10.5,,,2002
Vinny Testaverde,NYJ,39,NAN,5,4,1/3/2000,54,83,65.1,499,3,3.6,3,3.6,35,6,5.1,9.2,99.8,78.3,9,62,4.75,3.93,9.8,1,0,2002
Doug Johnson,ATL,25,NAN,6,1,1-0-0,37,57,64.9,448,2,3.5,3,5.3,63,7.9,6.2,12.1,74.7,78.7,3,11,7.28,5.7,5,1,2,2002
Henry Burris,CHI,27,NAN,6,1,0-1-0,18,51,35.3,207,3,5.9,5,9.8,45,4.1,0.8,11.5,34.5,28.4,0,0,4.06,0.82,0,,,2002
David Garrard,JAX,24,NAN,4,1,0-1-0,23,46,50,231,1,2.2,2,4.3,22,5,3.5,10,57.8,53.8,7,40,3.6,2.28,13.2,,,2002
Randy Fasani,CAR,24,NAN,4,1,0-1-0,15,44,34.1,171,0,0,4,9.1,27,3.9,-0.2,11.4,42.8,8.8,7,60,2.18,-1.35,13.7,,,2002
Tim Rattay,SFO,25,NAN,4,0,,26,43,60.5,232,2,4.7,0,0,27,5.4,6.3,8.9,58,90.5,5,26,4.29,5.13,10.4,,,2002
Chris Weinke,CAR,30,NAN,6,1,0-1-0,17,38,44.7,180,0,0,3,7.9,24,4.7,1.2,10.6,30,26.2,6,35,3.3,0.23,13.6,,,2002
Akili Smith,CIN,27,NAN,1,1,0-1-0,12,33,36.4,117,0,0,1,3,24,3.5,2.2,9.8,117,34.5,3,23,2.61,1.36,8.3,,,2002
Koy Detmer,PHI,29,NAN,14,1,1-0-0,19,28,67.9,224,2,7.1,0,0,37,8,9.4,11.8,16,115.8,1,8,7.45,8.83,3.4,,,2002
Doug Pederson,GNB,34,NAN,16,0,,19,28,67.9,134,1,3.6,0,0,20,4.8,5.5,7.1,8.4,90.5,1,8,4.34,5.03,3.4,,,2002
Shaun King,TAM,25,NAN,3,1,0-1-0,10,27,37,80,0,0,1,3.7,20,3,1.3,8,26.7,30,1,5,2.68,1.07,3.6,0,1,2002
Josh McCown,ARI,23,NAN,2,0,,7,18,38.9,66,0,0,2,11.1,26,3.7,-1.3,9.4,33,10.2,5,50,0.7,-3.22,21.7,,,2002
Doug Flutie,SDG,40,NAN,1,0,,3,11,27.3,64,0,0,0,0,47,5.8,5.8,21.3,64,51.3,0,0,5.82,5.82,0,,,2002
Jake Delhomme,NOR,27,NAN,4,0,,8,10,80,113,0,0,0,0,54,11.3,11.3,14.1,28.3,113.7,0,0,11.3,11.3,0,,,2002
Cory Sauter,CHI,28,NAN,1,0,,6,9,66.7,59,0,0,0,0,31,6.6,6.6,9.8,59,85,4,20,3,3,30.8,,,2002
Antwaan Randle El,PIT,23,NAN,16,0,,7,8,87.5,45,0,0,0,0,25,5.6,5.6,6.4,2.8,90.1,1,10,3.89,3.89,11.1,,,2002
Todd Bouman,MIN,30,NAN,1,0,,3,6,50,85,0,0,0,0,48,14.2,14.2,28.3,85,95.8,2,22,7.88,7.88,25,,,2002
Todd Collins,KAN,31,NAN,3,0,,5,6,83.3,73,1,16.7,0,0,29,12.2,15.5,14.6,24.3,156.9,0,0,12.17,15.5,0,,,2002
Marty Booker*,CHI,26,WR,16,16,,1,5,20,44,1,20,0,0,44,8.8,12.8,44,2.8,103.3,0,0,8.8,12.8,0,,,2002
Scott Covington,STL,26,NAN,1,1,1-0-0,2,5,40,7,0,0,0,0,4,1.4,1.4,3.5,7,47.9,2,16,-1.29,-1.29,28.6,,,2002
Neil O'Donnell,TEN,36,NAN,4,0,,3,5,60,24,0,0,0,0,15,4.8,4.8,8,6,72.1,0,0,4.8,4.8,0,,,2002
Jesse Palmer,NYG,24,NAN,2,0,,3,4,75,30,0,0,0,0,14,7.5,7.5,10,15,95.8,0,0,7.5,7.5,0,,,2002
Randy Moss*,MIN,25,WR,16,16,,1,3,33.3,13,1,33.3,0,0,13,4.3,11,13,0.8,87.5,0,0,4.33,11,0,,,2002
Sage Rosenfels,MIA,24,NAN,4,0,,0,3,0,0,0,0,0,0,0,0,0,,0,39.6,0,0,0,0,0,,,2002
James Allen,HOU,27,RB,16,5,,1,2,50,5,1,50,0,0,5,2.5,12.5,5,0.3,95.8,0,0,2.5,12.5,0,,,2002
Rohan Davey,NWE,24,NAN,2,0,,1,2,50,3,0,0,0,0,3,1.5,1.5,3,1.5,56.2,0,0,1.5,1.5,0,,,2002
Kevin Johnson,CLE,26,WR,16,15,,1,2,50,33,1,50,0,0,33,16.5,26.5,33,2.1,135.4,0,0,16.5,26.5,0,,,2002
Dorsey Levens,PHI,32,NAN,16,0,,0,2,0,0,0,0,0,0,0,0,0,,0,39.6,0,0,0,0,0,,,2002
Alex Van Pelt,BUF,32,NAN,2,0,,2,2,100,5,0,0,0,0,4,2.5,2.5,2.5,2.5,79.2,0,0,2.5,2.5,0,,,2002
Frank Wycheck,TEN,31,TE,15,15,,1,2,50,13,0,0,0,0,13,6.5,6.5,13,0.9,70.8,0,0,6.5,6.5,0,,,2002
Richie Anderson,NYJ,31,FB,16,14,,0,1,0,0,0,0,0,0,0,0,0,,0,39.6,0,0,0,0,0,,,2002
Dee Brown,CAR,24,NAN,14,3,,0,1,0,0,0,0,1,100,0,0,-45,,0,0,0,0,0,-45,0,,,2002
Reche Caldwell,SDG,23,NAN,16,2,,1,1,100,20,0,0,0,0,20,20,20,20,1.3,118.7,0,0,20,20,0,,,2002
Wayne Chrebet,NYJ,29,WR,15,15,,0,1,0,0,0,0,0,0,0,0,0,,0,39.6,0,0,0,0,0,,,2002
Chris Doering,WAS,29,NAN,15,3,,0,1,0,0,0,0,0,0,0,0,0,,0,39.6,0,0,0,0,0,,,2002
Kevin Faulk,NWE,26,NAN,15,0,,0,1,0,0,0,0,0,0,0,0,0,,0,39.6,0,0,0,0,0,,,2002
Bubba Franks*,GNB,24,TE,16,15,,1,1,100,31,1,100,0,0,31,31,51,31,1.9,158.3,0,0,31,51,0,,,2002
Jabar Gaffney,HOU,22,WR,16,14,,1,1,100,39,1,100,0,0,39,39,59,39,2.4,158.3,0,0,39,59,0,,,2002
Rod Gardner,WAS,25,WR,16,15,,0,1,0,0,0,0,0,0,0,0,0,,0,39.6,0,0,0,0,0,,,2002
Todd Heap*,BAL,22,TE,16,16,,0,1,0,0,0,0,0,0,0,0,0,,0,39.6,0,0,0,0,0,,,2002
Craig Hentrich,TEN,31,NAN,16,0,,1,1,100,17,0,0,0,0,17,17,17,17,1.1,118.7,0,0,17,17,0,,,2002
Priest Holmes*+,KAN,29,RB,14,14,,0,1,0,0,0,0,0,0,0,0,0,,0,39.6,0,0,0,0,0,,,2002
Frisman Jackson,CLE,23,NAN,7,0,,0,1,0,0,0,0,0,0,0,0,0,,0,39.6,0,0,0,0,0,,,2002
Leon Johnson,CHI,28,NAN,16,4,,1,1,100,27,0,0,0,0,27,27,27,27,1.7,118.7,1,0,13.5,13.5,50,,,2002
Terry Kirby,OAK,32,NAN,6,0,,0,1,0,0,0,0,0,0,0,0,0,,0,39.6,0,0,0,0,0,,,2002
Kevin Lockett,2TM,28,NAN,13,4,,1,1,100,14,1,100,0,0,14,14,34,14,1.1,158.3,0,0,14,34,0,,,2002
Brad Maynard,CHI,28,NAN,16,0,,1,1,100,12,1,100,0,0,12,12,32,12,0.8,156.2,0,0,12,32,0,,,2002
Brian Mitchell,PHI,34,NAN,16,0,,1,1,100,57,1,100,0,0,57,57,77,57,3.6,158.3,0,0,57,77,0,,,2002
Freddie Mitchell,PHI,24,NAN,16,1,,0,1,0,0,0,0,0,0,0,0,0,,0,39.6,0,0,0,0,0,,,2002
Chris Mohr,ATL,36,NAN,16,0,,0,1,0,0,0,0,1,100,0,0,-45,,0,0,0,0,0,-45,0,,,2002
David Patten,NWE,28,WR,16,14,,0,1,0,0,0,0,0,0,0,0,0,,0,39.6,0,0,0,0,0,,,2002
Ricky Proehl,STL,34,NAN,16,2,,0,1,0,0,0,0,0,0,0,0,0,,0,39.6,1,1,-0.5,-0.5,50,,,2002
Rod Smith,DEN,32,WR,16,16,,0,1,0,0,0,0,0,0,0,0,0,,0,39.6,0,0,0,0,0,,,2002
James Stewart,DET,31,RB,14,9,,0,1,0,0,0,0,0,0,0,0,0,,0,39.6,0,0,0,0,0,,,2002
Tom Tupa,TAM,36,NAN,16,0,,0,1,0,0,0,0,1,100,0,0,-45,,0,0,0,0,0,-45,0,,,2002
Matt Turk,NYJ,34,NAN,16,0,,0,1,0,0,0,0,1,100,0,0,-45,,0,0,0,0,0,-45,0,,,2002
Brian Urlacher*+,CHI,24,MLB,16,16,,0,1,0,0,0,0,0,0,0,0,0,,0,39.6,0,0,0,0,0,,,2002
Brian Westbrook,PHI,23,NAN,15,3,,1,1,100,25,1,100,0,0,25,25,45,25,1.7,158.3,0,0,25,45,0,,,2002
Dave Zastudil,BAL,24,NAN,16,0,,0,1,0,0,0,0,0,0,0,0,0,,0,39.6,0,0,0,0,0,,,2002
Brad Johnson,TAM,35,QB,16,16,7/9/2000,354,570,62.1,3811,26,4.6,21,3.7,76,6.7,5.9,10.8,238.2,81.5,20,111,6.27,5.55,3.4,,,2003
Peyton Manning*+,IND,27,QB,16,16,12/4/2000,379,566,67,4267,29,5.1,10,1.8,79,7.5,7.8,11.3,266.7,99,18,107,7.12,7.35,3.1,3,4,2003
Joey Harrington,DET,25,QB,16,16,5/11/2000,309,554,55.8,2880,17,3.1,22,4,72,5.2,4,9.3,180,63.9,9,55,5.02,3.86,1.6,2,2,2003
Marc Bulger*,STL,26,QB,15,15,12/3/2000,336,532,63.2,3845,22,4.1,22,4.1,48,7.2,6.2,11.4,256.3,81.4,37,288,6.25,5.28,6.5,4,4,2003
Tom Brady,NWE,26,QB,16,16,14-2-0,317,527,60.2,3620,23,4.4,12,2.3,82,6.9,6.7,11.4,226.3,85.9,32,219,6.08,5.94,5.7,4,7,2003
Trent Green*,KAN,33,QB,16,16,13-3-0,330,523,63.1,4039,24,4.6,12,2.3,67,7.7,7.6,12.2,252.4,92.6,20,130,7.2,7.09,3.7,1,2,2003
Jon Kitna,CIN,31,QB,16,16,8/8/2000,324,520,62.3,3591,26,5,15,2.9,82,6.9,6.6,11.1,224.4,87.4,37,249,6,5.72,6.6,3,3,2003
Tommy Maddox,PIT,32,QB,16,16,6/10/2000,298,519,57.4,3414,18,3.5,17,3.3,53,6.6,5.8,11.5,213.4,75.3,41,242,5.66,4.94,7.3,,,2003
Aaron Brooks,NOR,27,QB,16,16,8/8/2000,306,518,59.1,3546,24,4.6,8,1.5,76,6.8,7.1,11.6,221.6,88.8,34,195,6.07,6.29,6.2,2,3,2003
Matt Hasselbeck*,SEA,28,QB,16,16,10/6/2000,313,513,61,3841,26,5.1,15,2.9,80,7.5,7.2,12.3,240.1,88.8,42,246,6.48,6.2,7.6,2,3,2003
Quincy Carter,DAL,26,QB,16,16,10/6/2000,292,505,57.8,3302,17,3.4,21,4.2,64,6.5,5.3,11.3,206.4,71.4,37,185,5.75,4.63,6.8,2,2,2003
Kerry Collins,NYG,31,QB,13,13,4/9/2000,284,500,56.8,3110,13,2.6,16,3.2,77,6.2,5.3,11,239.2,70.7,28,164,5.58,4.71,5.3,1,3,2003
Donovan McNabb*,PHI,27,QB,16,16,12/4/2000,275,478,57.5,3216,16,3.3,11,2.3,59,6.7,6.4,11.7,201,79.6,43,253,5.69,5.35,8.3,3,5,2003
Drew Bledsoe,BUF,31,QB,16,16,6/10/2000,274,471,58.2,2860,11,2.3,12,2.5,54,6.1,5.4,10.4,178.8,73,49,371,4.79,4.17,9.4,1,1,2003
Brett Favre*,GNB,34,QB,16,16,10/6/2000,308,471,65.4,3361,32,6.8,21,4.5,66,7.1,6.5,10.9,210.1,90.4,19,137,6.58,5.96,3.9,2,3,2003
Daunte Culpepper*,MIN,26,QB,14,14,7/7/2000,295,454,65,3479,25,5.5,11,2.4,59,7.7,7.7,11.8,248.5,96.4,37,196,6.69,6.7,7.5,0,1,2003
Jake Delhomme,CAR,28,QB,16,15,10/5/2000,266,449,59.2,3219,19,4.2,16,3.6,67,7.2,6.4,12.1,201.2,80.6,23,168,6.46,5.74,4.9,5,8,2003
Byron Leftwich,JAX,23,QB,15,13,5/8/2000,239,418,57.2,2819,14,3.3,16,3.8,84,6.7,5.7,11.8,187.9,73,19,90,6.24,5.24,4.3,1,2,2003
Steve McNair*,TEN,30,QB,14,14,10/4/2000,250,400,62.5,3215,24,6,7,1.8,73,8,8.5,12.9,229.6,100.4,19,108,7.42,7.81,4.5,1,2,2003
Jeff Garcia,SFO,33,QB,13,13,5/8/2000,225,392,57.4,2704,18,4.6,13,3.3,75,6.9,6.3,12,208,80.1,21,104,6.3,5.75,5.1,1,1,2003
Jeff Blake,ARI,33,QB,13,13,3/10/2000,208,367,56.7,2247,13,3.5,15,4.1,71,6.1,5,10.8,172.8,69.6,19,132,5.48,4.4,4.9,0,2,2003
Drew Brees,SDG,24,QB,11,11,2/9/2000,205,356,57.6,2108,11,3.1,15,4.2,68,5.9,4.6,10.3,191.6,67.5,21,178,5.12,3.91,5.6,0,1,2003
Patrick Ramsey,WAS,24,QB,11,11,4/7/2000,179,337,53.1,2166,14,4.2,9,2.7,64,6.4,6.1,12.1,196.9,75.8,30,206,5.34,5,8.2,0,2,2003
Jay Fiedler,MIA,32,QB,12,11,7/4/2000,179,314,57,2138,11,3.5,13,4.1,59,6.8,5.6,11.9,178.2,72.4,19,126,6.04,4.95,5.7,2,3,2003
Kelly Holcomb,CLE,30,QB,10,8,2/6/2000,193,302,63.9,1797,10,3.3,12,4,68,6,4.8,9.3,179.7,74.6,21,166,5.05,4,6.5,1,1,2003
Jake Plummer,DEN,29,QB,11,11,9/2/2000,189,302,62.6,2182,15,5,7,2.3,60,7.2,7.2,11.5,198.4,91.2,14,73,6.67,6.63,4.4,1,1,2003
Chad Pennington,NYJ,27,QB,10,9,4/5/2000,189,297,63.6,2139,13,4.4,12,4,65,7.2,6.3,11.3,213.9,82.9,25,160,6.15,5.28,7.8,2,2,2003
David Carr,HOU,24,QB,12,11,3/8/2000,167,295,56.6,2013,9,3.1,13,4.4,78,6.8,5.5,12.1,167.8,69.5,15,90,6.2,4.9,4.8,2,2,2003
Kordell Stewart,CHI,31,QB,9,7,2/5/2000,126,251,50.2,1418,7,2.8,12,4.8,61,5.6,4.1,11.3,157.6,56.8,25,146,4.61,3.16,9.1,2,2,2003
Doug Johnson,ATL,26,QB,10,8,1/7/2000,136,243,56,1655,8,3.3,12,4.9,86,6.8,5.2,12.2,165.5,67.5,19,121,5.85,4.4,7.3,,,2003
Rich Gannon,OAK,38,QB,7,7,2/5/2000,125,225,55.6,1274,6,2.7,4,1.8,46,5.7,5.4,10.2,182,73.5,17,90,4.89,4.64,7,1,2,2003
Kyle Boller,BAL,22,QB,11,9,5/4/2000,116,224,51.8,1260,7,3.1,9,4,73,5.6,4.4,10.9,114.5,62.4,17,92,4.85,3.75,7.1,,,2003
Rick Mirer,OAK,33,QB,9,8,2/6/2000,116,221,52.5,1267,3,1.4,5,2.3,47,5.7,5,10.9,140.8,64.8,22,122,4.71,4.03,9.1,,,2003
Tim Couch,CLE,26,QB,10,8,3/5/2000,120,203,59.1,1319,7,3.4,6,3,71,6.5,5.9,11,131.9,77.6,19,116,5.42,4.83,8.6,1,1,2003
Vinny Testaverde,NYJ,40,QB,7,7,2/5/2000,123,198,62.1,1385,7,3.5,2,1,61,7,7.2,11.3,197.9,90.6,6,48,6.55,6.8,2.9,1,1,2003
Chris Chandler,CHI,38,QB,8,6,3/3/2000,107,192,55.7,1050,3,1.6,7,3.6,37,5.5,4.1,9.8,131.3,61.3,14,101,4.61,3.37,6.8,,,2003
Anthony Wright,BAL,27,QB,7,7,5/2/2000,94,178,52.8,1199,9,5.1,8,4.5,64,6.7,5.7,12.8,171.3,72.3,19,125,5.45,4.54,9.6,2,2,2003
Tim Hasselbeck,WAS,25,QB,7,5,1/4/2000,95,177,53.7,1012,5,2.8,7,4,40,5.7,4.5,10.7,144.6,63.6,9,44,5.2,4.05,4.8,,,2003
Doug Flutie,SDG,41,QB,7,5,2/3/2000,91,167,54.5,1097,9,5.4,4,2.4,73,6.6,6.6,12.1,156.7,82.8,8,27,6.11,6.11,4.6,,,2003
Josh McCown,ARI,24,QB,8,3,1/2/2000,95,166,57.2,1018,5,3,6,3.6,60,6.1,5.1,10.7,127.3,70.3,25,174,4.42,3.53,13.1,1,1,2003
Brian Griese,MIA,28,QB,5,5,3/2/2000,74,130,56.9,813,5,3.8,6,4.6,80,6.3,4.9,11,162.6,69.2,12,83,5.14,3.94,8.5,0,1,2003
Tim Rattay,SFO,26,NAN,11,3,2/1/2000,73,118,61.9,856,7,5.9,2,1.7,61,7.3,7.7,11.7,77.8,96.6,7,54,6.42,6.82,5.6,,,2003
Jesse Palmer,NYG,25,NAN,6,3,0-3-0,60,116,51.7,532,3,2.6,4,3.4,40,4.6,3.6,8.9,88.7,58.5,16,95,3.31,2.4,12.1,,,2003
Kurt Kittner,ATL,23,NAN,7,4,1/3/2000,44,114,38.6,391,2,1.8,6,5.3,31,3.4,1.4,8.9,55.9,32.5,5,30,3.03,1.1,4.2,,,2003
Danny Kanell,DEN,30,NAN,5,2,0-2-0,53,103,51.5,442,2,1.9,5,4.9,26,4.3,2.5,8.3,88.4,49.1,2,24,3.98,2.22,1.9,,,2003
Tony Banks,HOU,30,NAN,7,3,2/1/2000,61,102,59.8,693,5,4.9,3,2.9,46,6.8,6.5,11.4,99,84.3,13,57,5.53,5.23,11.3,1,1,2003
Michael Vick,ATL,23,NAN,5,4,3/1/2000,50,100,50,585,4,4,3,3,49,5.9,5.3,11.7,117,69,9,64,4.78,4.28,8.3,1,0,2003
Mark Brunell,JAX,33,NAN,3,3,0-3-0,54,82,65.9,484,2,2.4,0,0,65,5.9,6.4,9,161.3,89.7,9,46,4.81,5.25,9.9,,,2003
Rex Grossman,CHI,23,NAN,3,3,2/1/2000,38,72,52.8,437,2,2.8,1,1.4,59,6.1,6,11.5,145.7,74.8,4,41,5.21,5.14,5.3,0,1,2003
Billy Volek,TEN,27,NAN,7,1,1-0-0,44,69,63.8,545,4,5.8,1,1.4,50,7.9,8.4,12.4,77.9,101.4,6,45,6.67,7.13,8,1,1,2003
Gus Frerotte,MIN,32,NAN,16,2,2-0-0,38,65,58.5,690,7,10.8,2,3.1,72,10.6,11.4,18.2,43.1,118.1,5,22,9.54,10.26,7.1,,,2003
Kurt Warner,STL,32,NAN,2,1,0-1-0,38,65,58.5,365,1,1.5,1,1.5,37,5.6,5.2,9.6,182.5,72.9,6,38,4.61,4.25,8.5,,,2003
Steve Beuerlein,DEN,38,NAN,4,2,1/1/2000,33,63,52.4,389,2,3.2,5,7.9,38,6.2,3.2,11.8,97.3,49,9,60,4.57,2,12.5,0,1,2003
Marques Tuiasosopo,OAK,24,NAN,4,1,0-1-0,25,45,55.6,324,0,0,3,6.7,35,7.2,4.2,13,81,50.6,2,14,6.6,3.72,4.3,,,2003
Dave Ragone,HOU,24,NAN,2,2,0-2-0,20,40,50,135,0,0,1,2.5,24,3.4,2.3,6.8,67.5,47.4,8,39,2,1.06,16.7,,,2003
Mike McMahon,DET,24,NAN,3,0,,9,31,29,87,0,0,2,6.5,26,2.8,-0.1,9.7,29,12.7,2,9,2.36,-0.36,6.1,,,2003
Neil O'Donnell,TEN,37,NAN,1,1,1-0-0,18,27,66.7,232,2,7.4,1,3.7,34,8.6,8.4,12.9,232,102.7,0,0,8.59,8.41,0,,,2003
Shaun King,TAM,26,NAN,3,0,,15,22,68.2,130,1,4.5,1,4.5,20,5.9,4.8,8.7,43.3,79.7,3,25,4.2,3.2,12,,,2003
Rob Johnson,2TM,30,NAN,4,0,,11,20,55,93,0,0,1,5,15,4.7,2.4,8.5,23.3,46.5,4,21,3,1.13,16.7,,,2003
Travis Brown,BUF,26,NAN,2,0,,14,18,77.8,160,0,0,1,5.6,28,8.9,6.4,11.4,80,80.6,1,7,8.05,5.68,5.3,,,2003
Tee Martin,OAK,25,NAN,2,0,,6,16,37.5,69,0,0,1,6.3,17,4.3,1.5,11.5,34.5,25.3,1,5,3.76,1.12,5.9,,,2003
Todd Bouman,NOR,31,NAN,4,0,,7,13,53.8,81,1,7.7,0,0,19,6.2,7.8,11.6,20.3,98.6,2,8,4.87,6.2,13.3,,,2003
Chris Redman,BAL,26,NAN,2,0,,7,13,53.8,58,0,0,2,15.4,16,4.5,-2.5,8.3,29,26,6,45,0.68,-4.05,31.6,,,2003
Todd Collins,KAN,32,NAN,5,0,,9,12,75,74,0,0,0,0,20,6.2,6.2,8.2,14.8,90.3,0,0,6.17,6.17,0,,,2003
David Garrard,JAX,25,NAN,2,0,,9,12,75,86,1,8.3,0,0,28,7.2,8.8,9.6,43,122.2,0,0,7.17,8.83,0,,,2003
Alex Van Pelt,BUF,33,NAN,6,0,,5,12,41.7,49,0,0,3,25,14,4.1,-7.2,9.8,8.2,14.2,1,7,3.23,-7.15,7.7,,,2003
Rodney Peete,CAR,37,NAN,1,1,1-0-0,4,10,40,19,0,0,0,0,8,1.9,1.9,4.8,19,47.9,3,20,-0.08,-0.08,23.1,,,2003
Jarious Jackson,DEN,26,NAN,1,1,0-1-0,4,9,44.4,41,0,0,1,11.1,16,4.6,-0.4,10.3,41,18.5,0,0,4.56,-0.44,0,,,2003
Charlie Batch,PIT,29,NAN,4,0,,4,8,50,47,0,0,0,0,22,5.9,5.9,11.8,11.8,68.2,1,2,5,5,11.1,,,2003
Trent Dilfer,SEA,31,NAN,5,0,,4,8,50,31,1,12.5,1,12.5,14,3.9,0.8,7.8,6.2,59.9,1,8,2.56,-0.22,11.1,,,2003
Rohan Davey,NWE,25,NAN,1,0,,3,7,42.9,31,0,0,0,0,16,4.4,4.4,10.3,31,56.2,0,0,4.43,4.43,0,,,2003
Sage Rosenfels,MIA,25,NAN,2,0,,4,6,66.7,50,1,16.7,0,0,21,8.3,11.7,12.5,25,131.9,0,0,8.33,11.67,0,,,2003
Koy Detmer,PHI,30,NAN,16,0,,3,5,60,32,0,0,0,0,15,6.4,6.4,10.7,2,78.7,0,0,6.4,6.4,0,,,2003
Craig Hentrich*,TEN,32,NAN,16,0,,2,5,40,25,0,0,0,0,15,5,5,12.5,1.6,56.2,0,0,5,5,0,,,2003
Antwaan Randle El,PIT,24,NAN,16,1,,3,4,75,6,0,0,0,0,9,1.5,1.5,2,0.4,77.1,0,0,1.5,1.5,0,,,2003
Rod Gardner,WAS,26,WR,16,16,,2,3,66.7,46,2,66.7,0,0,36,15.3,28.7,23,2.9,149.3,0,0,15.33,28.67,0,,,2003
Brock Huard,IND,27,NAN,2,0,,2,3,66.7,22,0,0,0,0,13,7.3,7.3,11,11,88.2,1,3,4.75,4.75,25,,,2003
Isaac Bruce,STL,31,WR,15,15,,2,2,100,66,0,0,0,0,41,33,33,33,4.4,118.7,0,0,33,33,0,,,2003
Gibran Hamdan,WAS,22,NAN,1,0,,1,2,50,7,0,0,0,0,7,3.5,3.5,7,7,58.3,1,2,1.67,1.67,33.3,,,2003
Chad Hutchinson,DAL,26,NAN,1,0,,1,2,50,8,0,0,0,0,8,4,4,8,8,60.4,0,0,4,4,0,,,2003
Deuce McAllister*,NOR,25,RB,16,16,,0,2,0,0,0,0,0,0,0,0,0,,0,39.6,0,0,0,0,0,,,2003
Doug Pederson,GNB,35,NAN,16,0,,2,2,100,16,0,0,0,0,14,8,8,8,1,100,0,0,8,8,0,,,2003
LaBrandon Toefield,JAX,23,NAN,16,0,,1,2,50,32,0,0,0,0,32,16,16,32,2,95.8,0,0,16,16,0,,,2003
Richie Anderson,DAL,32,FB,15,8,,0,1,0,0,0,0,0,0,0,0,0,,0,39.6,0,0,0,0,0,,,2003
Bryan Barker,WAS,39,NAN,16,0,,1,1,100,3,0,0,0,0,3,3,3,3,0.2,79.2,0,0,3,3,0,,,2003
Darren Bennett,SDG,38,NAN,16,0,,0,1,0,0,0,0,0,0,0,0,0,,0,39.6,0,0,0,0,0,,,2003
Drew Bennett,TEN,25,WR,12,8,,1,1,100,14,0,0,0,0,14,14,14,14,1.2,118.7,0,0,14,14,0,,,2003
Mitch Berger,NOR,31,NAN,16,0,,0,1,0,0,0,0,0,0,0,0,0,,0,39.6,0,0,0,0,0,,,2003
Anquan Boldin*,ARI,23,WR,16,16,,0,1,0,0,0,0,1,100,0,0,-45,,0,0,0,0,0,-45,0,,,2003
Brant Boyer,CLE,32,RLB,15,7,,0,1,0,0,0,0,0,0,0,0,0,,0,39.6,0,0,0,0,0,,,2003
Aveion Cason,DAL,24,NAN,10,0,,1,1,100,37,0,0,0,0,37,37,37,37,3.7,118.7,0,0,37,37,0,,,2003
Woodrow Dantzler,ATL,24,NAN,9,0,,0,1,0,0,0,0,0,0,0,0,0,,0,39.6,1,5,-2.5,-2.5,50,,,2003
T.J. Duckett,ATL,22,RB,16,10,,0,1,0,0,0,0,0,0,0,0,0,,0,39.6,0,0,0,0,0,,,2003
Kevin Faulk,NWE,27,RB,15,8,,0,1,0,0,0,0,0,0,0,0,0,,0,39.6,0,0,0,0,0,,,2003
Jabar Gaffney,HOU,23,WR,16,11,,0,1,0,0,0,0,0,0,0,0,0,,0,39.6,0,0,0,0,0,,,2003
David Givens,NWE,23,WR,13,5,,0,1,0,0,0,0,1,100,0,0,-45,,0,0,0,0,0,-45,0,,,2003
Terry Glenn,DAL,29,WR,16,14,,0,1,0,0,0,0,0,0,0,0,0,,0,39.6,0,0,0,0,0,,,2003
Az-Zahir Hakim,DET,26,WR,14,12,,1,1,100,21,0,0,0,0,21,21,21,21,1.5,118.7,0,0,21,21,0,,,2003
Nick Harris,2TM,25,NAN,16,0,,0,1,0,0,0,0,0,0,0,0,0,,0,39.6,0,0,0,0,0,,,2003
Travis Henry,BUF,25,RB,15,15,,0,1,0,0,0,0,1,100,0,0,-45,,0,0,0,0,0,-45,0,,,2003
Priest Holmes*+,KAN,30,RB,16,16,,0,1,0,0,0,0,0,0,0,0,0,,0,39.6,0,0,0,0,0,,,2003
Joe Horn,NOR,31,WR,15,14,,1,1,100,14,0,0,0,0,14,14,14,14,0.9,118.7,0,0,14,14,0,,,2003
Damon Huard,NWE,30,NAN,2,0,,0,1,0,0,0,0,0,0,0,0,0,,0,39.6,0,0,0,0,0,,,2003
Frisman Jackson,CLE,24,NAN,5,0,,0,1,0,0,0,0,0,0,0,0,0,,0,39.6,0,0,0,0,0,,,2003
Kevin Johnson,2TM,27,NAN,15,9,,0,1,0,0,0,0,0,0,0,0,0,,0,39.6,0,0,0,0,0,,,2003
Micah Knorr,DEN,28,NAN,16,0,,0,1,0,0,0,0,0,0,0,0,0,,0,39.6,0,0,0,0,0,,,2003
Dane Looker,STL,27,NAN,16,2,,1,1,100,11,0,0,0,0,11,11,11,11,0.7,112.5,0,0,11,11,0,,,2003
Stacey Mack,HOU,28,RB,8,5,,0,1,0,0,0,0,1,100,0,0,-45,,0,0,0,0,0,-45,0,,,2003
Josh Miller,PIT,33,NAN,16,0,,1,1,100,81,1,100,0,0,81,81,101,81,5.1,158.3,0,0,81,101,0,,,2003
Freddie Mitchell,PHI,25,WR,16,6,,1,1,100,25,1,100,0,0,25,25,45,25,1.6,158.3,0,0,25,45,0,,,2003
Chris Mohr,ATL,37,NAN,16,0,,0,1,0,0,0,0,0,0,0,0,0,,0,39.6,0,0,0,0,0,,,2003
Randy Moss*+,MIN,26,WR,16,16,,0,1,0,0,0,0,0,0,0,0,0,,0,39.6,0,0,0,0,0,,,2003
Dennis Northcutt,CLE,26,WR,15,6,,0,1,0,0,0,0,0,0,0,0,0,,0,39.6,0,0,0,0,0,,,2003
Jerry Rice,OAK,41,WR,16,15,,0,1,0,0,0,0,0,0,0,0,0,,0,39.6,0,0,0,0,0,,,2003
Mark Royals,2TM,38,NAN,14,0,,0,1,0,0,0,0,1,100,0,0,-45,,0,0,0,0,0,-45,0,,,2003
Todd Sauerbrun*,CAR,30,NAN,16,0,,0,1,0,0,0,0,0,0,0,0,0,,0,39.6,0,0,0,0,0,,,2003
Bill Schroeder,DET,32,WR,16,13,,0,1,0,0,0,0,0,0,0,0,0,,0,39.6,0,0,0,0,0,,,2003
Rod Smith,DEN,33,WR,15,15,,1,1,100,72,0,0,0,0,72,72,72,72,4.8,118.7,0,0,72,72,0,,,2003
Dan Stryzinski,NYJ,38,NAN,16,0,,0,1,0,0,0,0,0,0,0,0,0,,0,39.6,0,0,0,0,0,,,2003
LaDainian Tomlinson,SDG,24,RB,16,16,,1,1,100,21,1,100,0,0,21,21,41,21,1.3,158.3,0,0,21,41,0,,,2003
Cedrick Wilson,SFO,25,NAN,16,4,,1,1,100,6,0,0,0,0,6,6,6,6,0.4,91.7,0,0,6,6,0,,,2003
Trent Green,KAN,34,QB,16,16,7/9/2000,369,556,66.4,4591,27,4.9,17,3.1,70,8.3,7.9,12.4,286.9,95.2,32,227,7.42,7.04,5.4,3,3,2004
Daunte Culpepper*,MIN,27,QB,16,16,8/8/2000,379,548,69.2,4717,39,7.1,11,2,82,8.6,9.1,12.4,294.8,110.9,46,238,7.54,8.02,7.7,1,3,2004
Aaron Brooks,NOR,28,QB,16,16,8/8/2000,309,542,57,3810,21,3.9,16,3,57,7,6.5,12.3,238.1,79.5,41,223,6.15,5.64,7,3,5,2004
Brett Favre,GNB,35,QB,16,16,10/6/2000,346,540,64.1,4088,30,5.6,17,3.1,79,7.6,7.3,11.8,255.5,92.4,12,93,7.24,6.94,2.2,3,4,2004
Jake Delhomme,CAR,29,QB,16,16,7/9/2000,310,533,58.2,3886,29,5.4,15,2.8,63,7.3,7.1,12.5,242.9,87.3,33,246,6.43,6.26,5.8,2,3,2004
Jake Plummer,DEN,30,QB,16,16,10/6/2000,303,521,58.2,4089,27,5.2,20,3.8,85,7.8,7.2,13.5,255.6,84.5,15,90,7.46,6.79,2.8,1,4,2004
Kerry Collins,OAK,32,QB,14,13,3/10/2000,289,513,56.3,3495,21,4.1,20,3.9,63,6.8,5.9,12.1,249.6,74.8,25,144,6.23,5.34,4.6,1,2,2004
Peyton Manning*+,IND,28,QB,16,16,12/4/2000,336,497,67.6,4557,49,9.9,10,2,80,9.2,10.2,13.6,284.8,121.1,13,101,8.74,9.78,2.5,2,4,2004
Vinny Testaverde,DAL,41,QB,16,15,5/10/2000,297,495,60,3532,17,3.4,20,4,53,7.1,6,11.9,220.8,76.4,34,182,6.33,5.27,6.4,2,3,2004
Joey Harrington,DET,26,QB,16,16,6/10/2000,274,489,56,3047,19,3.9,12,2.5,62,6.2,5.9,11.1,190.4,77.5,36,196,5.43,5.13,6.9,1,1,2004
Marc Bulger,STL,27,QB,14,14,8/6/2000,321,485,66.2,3964,21,4.3,14,2.9,56,8.2,7.7,12.3,283.1,93.7,41,302,6.96,6.56,7.8,4,5,2004
Tom Brady*,NWE,27,QB,16,16,14-2-0,288,474,60.8,3692,28,5.9,14,3,50,7.8,7.6,12.8,230.8,92.6,26,162,7.06,6.92,5.2,0,2,2004
Matt Hasselbeck,SEA,29,QB,14,14,7/7/2000,279,474,58.9,3382,22,4.6,15,3.2,60,7.1,6.6,12.1,241.6,83.1,30,155,6.4,5.94,6,,,2004
Donovan McNabb*,PHI,28,QB,15,15,13-2-0,300,469,64,3875,31,6.6,8,1.7,80,8.3,8.8,12.9,258.3,104.7,32,192,7.35,7.87,6.4,2,2,2004
David Carr,HOU,25,QB,16,16,7/9/2000,285,466,61.2,3531,16,3.4,14,3,69,7.6,6.9,12.4,220.7,83.5,49,301,6.27,5.67,9.5,1,1,2004
Kyle Boller,BAL,23,QB,16,16,9/7/2000,258,464,55.6,2559,13,2.8,11,2.4,57,5.5,5,9.9,159.9,70.9,35,247,4.63,4.16,7,2,2,2004
Drew Bledsoe,BUF,32,QB,16,16,9/7/2000,256,450,56.9,2932,20,4.4,16,3.6,69,6.5,5.8,11.5,183.3,76.6,37,215,5.58,4.92,7.6,,,2004
Byron Leftwich,JAX,24,QB,14,14,8/6/2000,267,441,60.5,2941,15,3.4,10,2.3,65,6.7,6.3,11,210.1,82.2,25,114,6.07,5.74,5.4,4,4,2004
Carson Palmer,CIN,25,QB,13,13,6/7/2000,263,432,60.9,2897,18,4.2,18,4.2,76,6.7,5.7,11,222.8,77.3,25,178,5.95,4.96,5.5,2,3,2004
Josh McCown,ARI,25,QB,14,13,6/7/2000,233,408,57.1,2511,11,2.7,10,2.5,48,6.2,5.6,10.8,179.4,74.1,31,263,5.12,4.6,7.1,2,2,2004
Drew Brees*,SDG,25,QB,15,15,11/4/2000,262,400,65.5,3159,27,6.8,7,1.8,79,7.9,8.5,12.1,210.6,104.8,18,131,7.24,7.78,4.3,1,2,2004
Chad Pennington,NYJ,28,QB,13,13,8/5/2000,242,370,65.4,2673,16,4.3,9,2.4,48,7.2,7,11,205.6,91,18,103,6.62,6.4,4.6,2,3,2004
Billy Volek,TEN,28,QB,10,8,2/6/2000,218,357,61.1,2486,18,5,10,2.8,48,7,6.7,11.4,248.6,87.1,30,216,5.87,5.63,7.8,,,2004
A.J. Feeley,MIA,27,QB,11,8,3/5/2000,191,356,53.7,1893,11,3.1,15,4.2,38,5.3,4,9.9,172.1,61.7,23,136,4.64,3.44,6.1,2,3,2004
Brian Griese,TAM,29,QB,11,10,4/6/2000,233,336,69.3,2632,20,6,12,3.6,68,7.8,7.4,11.3,239.3,97.5,26,169,6.8,6.42,7.2,1,1,2004
Tim Rattay,SFO,27,QB,9,9,1/8/2000,198,325,60.9,2169,10,3.1,10,3.1,65,6.7,5.9,11,241,78.1,37,211,5.41,4.72,10.2,1,1,2004
Michael Vick*,ATL,24,QB,15,15,11/4/2000,181,321,56.4,2313,14,4.4,12,3.7,62,7.2,6.4,12.8,154.2,78.1,46,266,5.58,4.87,12.5,3,4,2004
Ben Roethlisberger,PIT,22,QB,14,13,13-0-0,196,295,66.4,2621,17,5.8,11,3.7,58,8.9,8.4,13.4,187.2,98.1,30,213,7.41,6.93,9.2,5,6,2004
Kurt Warner,NYG,33,QB,10,9,5/4/2000,174,277,62.8,2054,6,2.2,4,1.4,62,7.4,7.2,11.8,205.4,86.5,39,196,5.88,5.69,12.3,0,1,2004
Patrick Ramsey,WAS,25,QB,9,7,3/4/2000,169,272,62.1,1665,10,3.7,11,4,51,6.1,5,9.9,185,74.8,23,137,5.18,4.18,7.8,,,2004
Jeff Garcia,CLE,34,QB,11,10,3/7/2000,144,252,57.1,1731,10,4,9,3.6,99,6.9,6.1,12,157.4,76.7,24,99,5.91,5.17,8.7,1,1,2004
Mark Brunell,WAS,34,QB,9,9,3/6/2000,118,237,49.8,1194,7,3,6,2.5,49,5,4.5,10.1,132.7,63.9,15,105,4.32,3.81,6,0,1,2004
Ken Dorsey,SFO,23,QB,8,7,1/6/2000,123,226,54.4,1231,6,2.7,9,4,59,5.4,4.2,10,153.9,62.4,13,94,4.76,3.56,5.4,0,1,2004
Steve McNair,TEN,31,QB,8,8,3/5/2000,129,215,60,1343,8,3.7,9,4.2,37,6.2,5.1,10.4,167.9,73.1,13,95,5.47,4.4,5.7,1,1,2004
Eli Manning,NYG,23,QB,9,7,1/6/2000,95,197,48.2,1043,6,3,9,4.6,52,5.3,3.8,11,115.9,55.4,13,83,4.57,3.21,6.2,1,1,2004
Jay Fiedler,MIA,33,QB,8,7,1/6/2000,101,190,53.2,1186,7,3.7,8,4.2,71,6.2,5.1,11.7,148.3,67.1,25,165,4.75,3.73,11.6,,,2004
Chad Hutchinson,CHI,27,QB,5,5,1/4/2000,92,161,57.1,903,4,2.5,3,1.9,63,5.6,5.3,9.8,180.6,73.6,23,160,4.04,3.74,12.5,,,2004
Craig Krenzel,CHI,23,QB,6,5,3/2/2000,59,127,46.5,718,3,2.4,6,4.7,49,5.7,4,12.2,119.7,52.5,23,158,3.73,2.33,15.3,1,1,2004
Jon Kitna,CIN,32,NAN,4,3,2/1/2000,61,104,58.7,623,5,4.8,4,3.8,30,6,5.2,10.2,155.8,75.9,6,41,5.29,4.56,5.5,1,1,2004
Brad Johnson,TAM,36,NAN,4,4,0-4-0,65,103,63.1,674,3,2.9,3,2.9,54,6.5,5.8,10.4,168.5,79.5,8,55,5.58,4.9,7.2,,,2004
Luke McCown,CLE,23,NAN,5,4,0-4-0,48,98,49,608,4,4.1,7,7.1,58,6.2,3.8,12.7,121.6,52.6,12,122,4.42,2.28,10.9,,,2004
Jonathan Quinn,CHI,29,NAN,5,3,0-3-0,51,98,52,413,1,1,3,3.1,32,4.2,3,8.1,82.6,53.7,15,109,2.69,1.67,13.3,,,2004
Kelly Holcomb,CLE,31,NAN,4,2,1/1/2000,59,87,67.8,737,7,8,5,5.7,55,8.5,7.5,12.5,184.3,96.8,5,31,7.67,6.75,5.4,,,2004
Rex Grossman,CHI,24,NAN,3,3,1/2/2000,47,84,56,607,1,1.2,3,3.6,40,7.2,5.9,12.9,202.3,67.9,5,22,6.57,5.28,5.6,,,2004
Shaun King,ARI,27,NAN,3,2,0-2-0,47,84,56,502,1,1.2,4,4.8,40,6,4.1,10.7,167.3,57.7,6,42,5.11,3.33,6.7,,,2004
Chris Simms,TAM,24,NAN,5,2,1/1/2000,42,73,57.5,467,1,1.4,3,4.1,75,6.4,4.8,11.1,93.4,64.1,10,75,4.72,3.34,12,,,2004
David Garrard,JAX,26,NAN,4,2,1/1/2000,38,72,52.8,374,2,2.8,1,1.4,36,5.2,5.1,9.8,93.5,71.2,6,35,4.35,4.28,7.7,0,1,2004
Matt Schaub,ATL,23,NAN,6,1,0-1-0,33,70,47.1,330,1,1.4,4,5.7,59,4.7,2.4,10,55,42,4,14,4.27,2.11,5.4,,,2004
Rich Gannon,OAK,39,NAN,3,3,2/1/2000,41,68,60.3,524,3,4.4,2,2.9,58,7.7,7.3,12.8,174.7,86.9,5,17,6.95,6.53,6.8,,,2004
Chris Chandler,STL,39,NAN,5,2,0-2-0,35,62,56.5,463,2,3.2,8,12.9,75,7.5,2.3,13.2,92.6,51.4,7,54,5.93,1.29,10.1,,,2004
Tommy Maddox,PIT,33,NAN,4,3,2/1/2000,30,60,50,329,1,1.7,2,3.3,39,5.5,4.3,11,82.3,58.3,6,37,4.42,3.36,9.1,0,1,2004
Quincy Carter,NYJ,27,NAN,7,3,2/1/2000,35,58,60.3,498,3,5.2,1,1.7,69,8.6,8.8,14.2,71.1,98.2,12,70,6.11,6.33,17.1,1,1,2004
Trent Dilfer,SEA,32,NAN,5,2,2-0-0,25,58,43.1,333,1,1.7,3,5.2,56,5.7,3.8,13.3,66.6,46.1,4,21,5.03,3.18,6.5,0,0,2004
Koy Detmer,PHI,31,NAN,16,1,0-1-0,18,40,45,207,0,0,2,5,31,5.2,2.9,11.5,12.9,40.3,2,16,4.55,2.4,4.8,,,2004
John Navarre,ARI,24,NAN,1,1,0-1-0,18,40,45,168,1,2.5,4,10,33,4.2,0.2,9.3,168,25.8,1,8,3.9,0,2.4,,,2004
Sage Rosenfels,MIA,26,NAN,3,1,0-1-0,16,39,41,264,1,2.6,3,7.7,76,6.8,3.8,16.5,88,41,3,16,5.9,3.17,7.1,,,2004
Doug Flutie,SDG,42,NAN,2,1,1-0-0,20,38,52.6,276,1,2.6,0,0,29,7.3,7.8,13.8,138,85,1,7,6.9,7.41,2.6,,,2004
Jeff Blake,PHI,34,NAN,3,0,,18,37,48.6,126,1,2.7,1,2.7,21,3.4,2.7,7,42,54.6,2,17,2.79,2.15,5.1,,,2004
Craig Nall,GNB,25,NAN,5,0,,23,33,69.7,314,4,12.1,0,0,43,9.5,11.9,13.7,62.8,139.4,2,8,8.74,11.03,5.7,,,2004
Jamie Martin,STL,34,NAN,1,0,,16,30,53.3,188,0,0,0,0,26,6.3,6.3,11.8,188,72.6,2,6,5.69,5.69,6.3,,,2004
Jim Sorgi,IND,24,NAN,4,0,,17,29,58.6,175,2,6.9,0,0,71,6,7.4,10.3,43.8,99.1,1,8,5.57,6.9,3.3,,,2004
Doug Pederson,GNB,36,NAN,4,0,,11,23,47.8,120,0,0,2,8.7,24,5.2,1.3,10.9,30,27.4,0,0,5.22,1.3,0,,,2004
Drew Henson,DAL,24,NAN,7,1,1-0-0,10,18,55.6,78,1,5.6,1,5.6,16,4.3,2.9,7.8,11.1,61.8,2,26,2.6,1.35,10,,,2004
Mike McMahon,DET,25,NAN,1,0,,11,15,73.3,77,0,0,1,6.7,19,5.1,2.1,7,77,56.8,1,12,4.06,1.25,6.3,,,2004
Doug Johnson,TEN,27,NAN,2,0,,6,12,50,68,0,0,0,0,33,5.7,5.7,11.3,34,67.4,1,6,4.77,4.77,7.7,,,2004
Rohan Davey,NWE,26,NAN,4,0,,4,10,40,54,0,0,0,0,20,5.4,5.4,13.5,13.5,57.9,0,0,5.4,5.4,0,,,2004
Cody Pickett,SFO,24,NAN,1,0,,4,10,40,55,0,0,2,20,18,5.5,-3.5,13.8,55,18.7,2,14,3.42,-4.08,16.7,,,2004
Brooks Bollinger,NYJ,25,NAN,1,0,,5,9,55.6,60,0,0,0,0,26,6.7,6.7,12,60,76.2,1,8,5.2,5.2,10,,,2004
Philip Rivers,SDG,23,NAN,2,0,,5,8,62.5,33,1,12.5,0,0,13,4.1,6.6,6.6,16.5,110.9,0,0,4.13,6.63,0,,,2004
Todd Collins,KAN,33,NAN,2,0,,1,5,20,42,0,0,0,0,42,8.4,8.4,42,21,62.1,0,0,8.4,8.4,0,,,2004
J.P. Losman,BUF,23,NAN,4,0,,3,5,60,32,0,0,1,20,17,6.4,-2.6,10.7,8,39.2,1,0,5.33,-2.17,16.7,,,2004
Craig Hentrich,TEN,33,NAN,16,0,,2,4,50,10,0,0,0,0,6,2.5,2.5,5,0.6,56.2,0,0,2.5,2.5,0,,,2004
Jabar Gaffney,HOU,24,WR,16,12,,0,3,0,0,0,0,0,0,0,0,0,,0,39.6,0,0,0,0,0,,,2004
Rod Gardner,WAS,27,WR,16,14,,0,3,0,0,0,0,0,0,0,0,0,,0,39.6,0,0,0,0,0,,,2004
Shane Matthews,BUF,34,NAN,3,0,,2,3,66.7,44,1,33.3,0,0,33,14.7,21.3,22,14.7,149.3,0,0,14.67,21.33,0,,,2004
Chris Mohr,ATL,38,NAN,16,0,,2,3,66.7,24,0,0,0,0,26,8,8,12,1.5,91,0,0,8,8,0,,,2004
Brian Moorman,BUF,28,NAN,16,0,,1,3,33.3,24,0,0,0,0,24,8,8,24,1.5,63.2,0,0,8,8,0,,,2004
Tony Banks,HOU,31,NAN,5,0,,1,2,50,16,0,0,0,0,16,8,8,16,3.2,77.1,0,0,8,8,0,,,2004
Isaac Bruce,STL,32,WR,16,16,,0,2,0,0,0,0,0,0,0,0,0,,0,39.6,0,0,0,0,0,,,2004
Keyshawn Johnson,DAL,32,WR,16,16,,0,2,0,0,0,0,1,50,0,0,-22.5,,0,0,0,0,0,-22.5,0,,,2004
Randy Moss,MIN,27,WR,13,13,,1,2,50,37,0,0,1,50,37,18.5,-4,37,2.8,56.2,0,0,18.5,-4,0,,,2004
Clinton Portis,WAS,23,RB,15,15,,1,2,50,15,1,50,0,0,15,7.5,17.5,15,1,114.6,0,0,7.5,17.5,0,,,2004
LaDainian Tomlinson*+,SDG,25,RB,15,15,,1,2,50,38,0,0,0,0,38,19,19,38,2.5,95.8,1,1,12.33,12.33,33.3,,,2004
Richie Anderson,DAL,33,NAN,12,4,,1,1,100,26,1,100,0,0,26,26,46,26,2.2,158.3,0,0,26,46,0,,,2004
Mike Bartrum,PHI,34,NAN,16,0,,0,1,0,0,0,0,0,0,0,0,0,,0,39.6,0,0,0,0,0,,,2004
Drew Bennett,TEN,26,WR,16,16,,1,1,100,26,1,100,0,0,26,26,46,26,1.6,158.3,0,0,26,46,0,,,2004
Jerome Bettis*,PIT,32,RB,15,6,,1,1,100,10,1,100,0,0,10,10,30,10,0.7,147.9,0,0,10,30,0,,,2004
Marty Booker,MIA,28,WR,15,15,,1,1,100,48,0,0,0,0,48,48,48,48,3.2,118.7,0,0,48,48,0,,,2004
Patrick Crayton,DAL,25,NAN,8,0,,0,1,0,0,0,0,1,100,0,0,-45,,0,0,0,0,0,-45,0,,,2004
Ronald Curry,OAK,25,NAN,12,3,,0,1,0,0,0,0,0,0,0,0,0,,0,39.6,0,0,0,0,0,,,2004
Adimchinobe Echemandu,CLE,24,NAN,4,0,,0,1,0,0,0,0,0,0,0,0,0,,0,39.6,0,0,0,0,0,,,2004
Paul Edinger,CHI,26,NAN,16,0,,0,1,0,0,0,0,1,100,0,0,-45,,0,0,0,0,0,-45,0,,,2004
Jeff Feagles,NYG,38,NAN,16,0,,0,1,0,0,0,0,0,0,0,0,0,,0,39.6,0,0,0,0,0,,,2004
Tony Fisher,GNB,25,NAN,16,0,,1,1,100,8,1,100,0,0,8,8,28,8,0.5,139.6,0,0,8,28,0,,,2004
Gus Frerotte,MIN,33,NAN,16,0,,0,1,0,0,0,0,0,0,0,0,0,,0,39.6,0,0,0,0,0,,,2004
Terry Glenn,DAL,30,WR,6,6,,0,1,0,0,0,0,0,0,0,0,0,,0,39.6,0,0,0,0,0,,,2004
Ahman Green*,GNB,27,RB,15,15,,1,1,100,20,1,100,0,0,20,20,40,20,1.3,158.3,0,0,20,40,0,,,2004
Randy Hymes,BAL,25,WR,14,7,,0,1,0,0,0,0,0,0,0,0,0,,0,39.6,0,0,0,0,0,,,2004
Frisman Jackson,CLE,25,NAN,10,0,,0,1,0,0,0,0,0,0,0,0,0,,0,39.6,0,0,0,0,0,,,2004
LaMont Jordan,NYJ,26,NAN,16,0,,0,1,0,0,0,0,1,100,0,0,-45,,0,0,0,0,0,-45,0,,,2004
Mat McBriar,DAL,25,NAN,16,0,,0,1,0,0,0,0,0,0,0,0,0,,0,39.6,0,0,0,0,0,,,2004
Keenan McCardell,SDG,34,WR,7,6,,0,1,0,0,0,0,0,0,0,0,0,,0,39.6,0,0,0,0,0,,,2004
Mewelde Moore,MIN,22,NAN,10,3,,0,1,0,0,0,0,0,0,0,0,0,,0,39.6,0,0,0,0,0,,,2004
Rodney Peete,CAR,38,NAN,1,0,,1,1,100,3,0,0,0,0,3,3,3,3,3,79.2,0,0,3,3,0,,,2004
Peerless Price,ATL,28,WR,16,15,,1,1,100,25,0,0,0,0,25,25,25,25,1.6,118.7,0,0,25,25,0,,,2004
Ricky Proehl,CAR,36,NAN,16,3,,0,1,0,0,0,0,0,0,0,0,0,,0,39.6,0,0,0,0,0,,,2004
Antwaan Randle El,PIT,25,WR,16,7,,1,1,100,10,1,100,0,0,10,10,30,10,0.6,147.9,0,0,10,30,0,,,2004
Jeff Saturday,IND,29,C,14,14,,0,1,0,0,0,0,0,0,0,0,0,,0,39.6,0,0,0,0,0,,,2004
Mike Scifres,SDG,24,NAN,16,0,,0,1,0,0,0,0,1,100,0,0,-45,,0,0,0,0,0,-45,0,,,2004
Emmitt Smith,ARI,35,RB,15,15,,1,1,100,21,1,100,0,0,21,21,41,21,1.4,158.3,0,0,21,41,0,,,2004
Steve Smith,CAR,25,NAN,1,1,,0,1,0,0,0,0,0,0,0,0,0,,0,39.6,0,0,0,0,0,,,2004
Brian St. Pierre,PIT,25,NAN,1,0,,0,1,0,0,0,0,0,0,0,0,0,,0,39.6,0,0,0,0,0,1,1,2004
Adam Vinatieri*+,NWE,32,NAN,16,0,,1,1,100,4,1,100,0,0,4,4,24,4,0.3,122.9,0,0,4,24,0,,,2004
Jeff Wilkins,STL,32,NAN,16,0,,0,1,0,0,0,0,0,0,0,0,0,,0,39.6,0,0,0,0,0,,,2004
Roy Williams,DET,23,WR,14,12,,0,1,0,0,0,0,0,0,0,0,0,,0,39.6,0,0,0,0,0,,,2004
Brett Favre,GNB,36,QB,16,16,4/12/2000,372,607,61.3,3881,20,3.3,29,4.8,59,6.4,4.9,10.4,242.6,70.9,24,170,5.88,4.45,3.8,1,1,2005
Kerry Collins,OAK,33,QB,15,15,4/11/2000,302,565,53.5,3759,20,3.5,12,2.1,79,6.7,6.4,12.4,250.6,77.3,39,261,5.79,5.56,6.5,1,1,2005
Eli Manning,NYG,24,QB,16,16,11/5/2000,294,557,52.8,3762,24,4.3,17,3.1,78,6.8,6.2,12.8,235.1,75.9,28,184,6.12,5.63,4.8,1,2,2005
Tom Brady*,NWE,28,QB,16,16,10/6/2000,334,530,63,4110,26,4.9,14,2.6,71,7.8,7.5,12.3,256.9,92.3,26,188,7.05,6.86,4.7,3,4,2005
Carson Palmer*,CIN,26,QB,16,16,11/5/2000,345,509,67.8,3836,32,6.3,12,2.4,70,7.5,7.7,11.1,239.8,101.1,19,105,7.07,7.26,3.6,1,3,2005
Trent Green*,KAN,35,QB,16,16,10/6/2000,317,507,62.5,4014,17,3.4,10,2,60,7.9,7.7,12.7,250.9,90.1,32,204,7.07,6.86,5.9,2,3,2005
Drew Brees,SDG,26,QB,16,16,9/7/2000,323,500,64.6,3576,24,4.8,15,3,54,7.2,6.8,11.1,223.5,89.2,27,223,6.36,5.99,5.1,2,2,2005
Drew Bledsoe,DAL,33,QB,16,16,9/7/2000,300,499,60.1,3639,23,4.6,17,3.4,71,7.3,6.7,12.1,227.4,83.7,49,295,6.1,5.55,8.9,4,5,2005
Gus Frerotte,MIA,34,QB,16,15,9/6/2000,257,494,52,2996,18,3.6,13,2.6,60,6.1,5.6,11.7,187.3,71.9,26,158,5.46,5.03,5,0,1,2005
Steve McNair*,TEN,32,QB,14,14,4/10/2000,292,476,61.3,3161,16,3.4,11,2.3,57,6.6,6.3,10.8,225.8,82.4,20,134,6.1,5.75,4,0,1,2005
Jake Plummer*,DEN,31,QB,16,16,13-3-0,277,456,60.7,3366,18,3.9,7,1.5,72,7.4,7.5,12.2,210.4,90.2,22,135,6.76,6.85,4.6,1,2,2005
Mark Brunell,WAS,35,QB,16,15,9/6/2000,262,454,57.7,3050,23,5.1,10,2.2,78,6.7,6.7,11.6,190.6,85.9,27,213,5.9,5.92,5.6,2,3,2005
Peyton Manning*+,IND,29,QB,16,16,14-2-0,305,453,67.3,3747,28,6.2,10,2.2,80,8.3,8.5,12.3,234.2,104.1,17,81,7.8,8.03,3.6,1,1,2005
Matt Hasselbeck*,SEA,30,QB,16,16,13-3-0,294,449,65.5,3459,24,5.3,9,2,56,7.7,7.9,11.8,216.2,98.2,24,154,6.99,7.15,5.1,2,2,2005
Jake Delhomme*,CAR,30,QB,16,16,11/5/2000,262,435,60.2,3421,24,5.5,16,3.7,80,7.9,7.3,13.1,213.8,88.1,28,214,6.93,6.41,6,3,3,2005
Aaron Brooks,NOR,29,QB,13,13,3/10/2000,240,431,55.7,2882,13,3,17,3.9,66,6.7,5.5,12,221.7,70,33,202,5.78,4.69,7.1,1,2,2005
David Carr,HOU,26,QB,16,16,2/14/2000,256,423,60.5,2488,14,3.3,11,2.6,53,5.9,5.4,9.7,155.5,77.2,68,424,4.2,3.77,13.8,0,1,2005
Michael Vick*,ATL,25,QB,15,15,8/7/2000,214,387,55.3,2412,15,3.9,13,3.4,58,6.2,5.5,11.3,160.8,73.1,33,201,5.26,4.59,7.9,0,1,2005
Kurt Warner,ARI,34,QB,10,10,2/8/2000,242,375,64.5,2713,11,2.9,9,2.4,63,7.2,6.7,11.2,271.3,85.8,23,158,6.42,5.95,5.8,2,2,2005
Kyle Orton,CHI,23,QB,15,15,10/5/2000,190,368,51.6,1869,9,2.4,13,3.5,54,5.1,4,9.8,124.6,59.7,30,190,4.22,3.2,7.5,0,1,2005
Donovan McNabb,PHI,29,QB,9,9,4/5/2000,211,357,59.1,2507,16,4.5,9,2.5,91,7,6.8,11.9,278.6,85,19,112,6.37,6.14,5.1,0,2,2005
Trent Dilfer,CLE,33,QB,11,11,4/7/2000,199,333,59.8,2321,11,3.3,12,3.6,80,7,6,11.7,211,76.9,23,139,6.13,5.23,6.5,1,1,2005
Joey Harrington,DET,27,QB,12,11,4/7/2000,188,330,57,2021,12,3.6,12,3.6,86,6.1,5.2,10.8,168.4,72,24,136,5.32,4.48,6.8,1,1,2005
Chris Simms,TAM,25,QB,11,10,6/4/2000,191,313,61,2035,10,3.2,7,2.2,78,6.5,6.1,10.7,185,81.4,29,205,5.35,5.01,8.5,3,3,2005
Byron Leftwich,JAX,25,QB,11,11,8/3/2000,175,302,57.9,2123,15,5,5,1.7,45,7,7.3,12.1,193,89.3,23,110,6.19,6.42,7.1,2,3,2005
Brad Johnson,MIN,37,QB,15,9,7/2/2000,184,294,62.6,1885,12,4.1,4,1.4,80,6.4,6.6,10.2,125.7,88.9,23,134,5.52,5.71,7.3,0,2,2005
Kyle Boller,BAL,24,QB,9,9,4/5/2000,171,293,58.4,1799,11,3.8,12,4.1,47,6.1,5,10.5,199.9,71.8,23,146,5.23,4.22,7.3,2,3,2005
Marc Bulger,STL,28,QB,8,8,2/6/2000,192,287,66.9,2297,14,4.9,9,3.1,57,8,7.6,12,287.1,94.4,26,188,6.74,6.34,8.3,0,1,2005
Josh McCown,ARI,26,QB,9,6,3/3/2000,163,270,60.4,1836,9,3.3,11,4.1,49,6.8,5.6,11.3,204,74.9,18,101,6.02,4.93,6.3,,,2005
Ben Roethlisberger,PIT,23,QB,12,12,9/3/2000,168,268,62.7,2385,17,6.3,9,3.4,85,8.9,8.7,14.2,198.8,98.6,23,129,7.75,7.53,7.9,2,2,2005
Brooks Bollinger,NYJ,26,QB,11,9,2/7/2000,150,266,56.4,1558,7,2.6,6,2.3,60,5.9,5.4,10.4,141.6,72.9,32,193,4.58,4.14,10.7,1,0,2005
Anthony Wright,BAL,29,QB,9,7,2/5/2000,164,266,61.7,1582,6,2.3,9,3.4,48,5.9,4.9,9.6,175.8,71.7,19,147,5.04,4.04,6.7,,,2005
Kelly Holcomb,BUF,32,QB,10,8,4/4/2000,155,230,67.4,1509,10,4.3,8,3.5,65,6.6,5.9,9.7,150.9,85.6,17,140,5.54,4.89,6.9,1,1,2005
J.P. Losman,BUF,24,QB,9,8,1/7/2000,113,228,49.6,1340,8,3.5,8,3.5,58,5.9,5,11.9,148.9,64.9,26,197,4.5,3.71,10.2,,,2005
Daunte Culpepper,MIN,28,QB,7,7,2/5/2000,139,216,64.4,1564,6,2.8,12,5.6,68,7.2,5.3,11.3,223.4,72,31,169,5.65,3.95,12.6,1,1,2005
Mike McMahon,PHI,26,QB,9,7,2/5/2000,94,207,45.4,1158,5,2.4,8,3.9,48,5.6,4.3,12.3,128.7,55.2,19,96,4.7,3.55,8.4,2,2,2005
Jamie Martin,STL,35,QB,8,5,4/1/2000,124,177,70.1,1277,5,2.8,7,4,83,7.2,6,10.3,159.6,83.5,11,78,6.38,5.23,5.9,2,3,2005
Brian Griese,TAM,30,QB,6,6,5/1/2000,112,174,64.4,1136,7,4,7,4,80,6.5,5.5,10.1,189.3,79.6,12,76,5.7,4.76,6.5,,,2005
Jeff Garcia,DET,35,QB,6,5,1/4/2000,102,173,59,937,3,1.7,6,3.5,49,5.4,4.2,9.2,156.2,65.1,6,34,5.04,3.87,3.4,0,1,2005
David Garrard,JAX,27,QB,7,5,4/1/2000,98,168,58.3,1117,4,2.4,1,0.6,37,6.6,6.9,11.4,159.6,83.9,8,45,6.09,6.29,4.5,2,2,2005
Alex Smith,SFO,21,QB,9,7,2/5/2000,84,165,50.9,875,1,0.6,11,6.7,47,5.3,2.4,10.4,97.2,40.8,29,185,3.56,1.11,14.9,1,2,2005
Charlie Frye,CLE,24,QB,7,5,2/3/2000,98,164,59.8,1002,4,2.4,5,3,45,6.1,5.2,10.2,143.1,72.8,22,135,4.66,3.88,11.8,1,1,2005
Ryan Fitzpatrick,STL,23,NAN,4,3,0-3-0,76,135,56.3,777,4,3,8,5.9,56,5.8,3.7,10.2,194.3,58.2,9,49,5.06,3.11,6.3,1,1,2005
Todd Bouman,NOR,33,NAN,16,3,0-3-0,68,122,55.7,722,2,1.6,7,5.7,43,5.9,3.7,10.6,45.1,54.7,8,59,5.1,2.98,6.2,,,2005
Vinny Testaverde,NYJ,42,NAN,6,4,1/3/2000,60,106,56.6,777,1,0.9,6,5.7,47,7.3,5,13,129.5,59.4,12,102,5.72,3.6,10.2,,,2005
Tim Rattay,SFO,28,NAN,4,4,1/3/2000,56,97,57.7,667,5,5.2,6,6.2,89,6.9,5.1,11.9,166.8,70.3,10,63,5.64,4.06,9.3,,,2005
Ken Dorsey,SFO,24,NAN,3,3,1/2/2000,48,90,53.3,481,2,2.2,2,2.2,44,5.3,4.8,10,160.3,66.9,6,28,4.72,4.2,6.3,,,2005
Billy Volek,TEN,29,NAN,6,1,0-1-0,50,88,56.8,474,4,4.5,2,2.3,55,5.4,5.3,9.5,79,77.6,9,45,4.42,4.32,9.3,,,2005
Chad Pennington,NYJ,29,NAN,3,3,1/2/2000,49,83,59,530,2,2.4,3,3.6,37,6.4,5.2,10.8,176.7,70.9,9,52,5.2,4.16,9.8,,,2005
Tommy Maddox,PIT,34,NAN,4,2,0-2-0,34,71,47.9,406,2,2.8,4,5.6,32,5.7,3.7,11.9,101.5,51.7,8,43,4.59,2.82,10.1,,,2005
Matt Schaub,ATL,24,NAN,16,1,0-1-0,33,64,51.6,495,4,6.3,0,0,53,7.7,9,15,30.9,98.1,6,27,6.69,7.83,8.6,,,2005
Sage Rosenfels,MIA,27,NAN,4,1,0-1-0,34,61,55.7,462,4,6.6,3,4.9,77,7.6,6.7,13.6,115.5,81.5,0,0,7.57,6.67,0,2,2,2005
Jim Sorgi,IND,25,NAN,5,0,,42,61,68.9,444,3,4.9,1,1.6,45,7.3,7.5,10.6,88.8,99.4,3,14,6.72,6.95,4.7,,,2005
Koy Detmer,PHI,32,NAN,16,0,,32,56,57.1,238,0,0,3,5.4,24,4.3,1.8,7.4,14.9,45.1,3,15,3.78,1.49,5.1,,,2005
Rex Grossman,CHI,25,NAN,2,1,1-0-0,20,39,51.3,259,1,2.6,2,5.1,54,6.6,4.8,13,129.5,59.7,1,9,6.25,4.5,2.5,,,2005
Charlie Batch,PIT,31,NAN,4,2,2-0-0,23,36,63.9,246,1,2.8,1,2.8,43,6.8,6.1,10.7,61.5,81.5,1,6,6.49,5.81,2.7,1,1,2005
Cody Pickett,SFO,25,NAN,5,2,0-2-0,14,35,40,140,0,0,2,5.7,28,4,1.4,10,28,28.3,3,16,3.26,0.89,7.9,,,2005
Jon Kitna,CIN,33,NAN,3,0,,17,29,58.6,99,0,0,2,6.9,16,3.4,0.3,5.8,33,36.4,2,10,2.87,-0.03,6.5,,,2005
Matt Mauck,TEN,26,NAN,2,1,0-1-0,15,27,55.6,136,0,0,1,3.7,17,5,3.4,9.1,68,53.9,1,8,4.57,2.96,3.6,,,2005
Marques Tuiasosopo,OAK,26,NAN,1,1,0-1-0,14,26,53.8,124,1,3.8,2,7.7,20,4.8,2.1,8.9,124,47.6,6,40,2.63,0.44,18.8,,,2005
Tony Banks,HOU,32,NAN,2,0,,14,25,56,173,1,4,2,8,31,6.9,4.1,12.4,86.5,57.6,0,0,6.92,4.12,0,,,2005
Patrick Ramsey,WAS,26,NAN,4,1,1-0-0,15,25,60,279,1,4,1,4,72,11.2,10.2,18.6,69.8,95.2,4,27,8.69,7.83,13.8,,,2005
Seneca Wallace,SEA,25,NAN,7,0,,13,25,52,173,1,4,1,4,42,6.9,5.9,13.3,24.7,70.9,3,20,5.46,4.57,10.7,,,2005
Matt Cassel,NWE,23,NAN,2,0,,13,24,54.2,183,2,8.3,1,4.2,36,7.6,7.4,14.1,91.5,89.4,1,1,7.28,7.08,4,,,2005
John Navarre,ARI,25,NAN,1,0,,14,24,58.3,174,1,4.2,1,4.2,43,7.3,6.2,12.4,174,77.4,4,27,5.25,4.36,14.3,,,2005
Philip Rivers,SDG,24,NAN,2,0,,12,22,54.5,115,0,0,1,4.5,22,5.2,3.2,9.6,57.5,50.4,3,16,3.96,2.16,12,,,2005
Dan Orlovsky,DET,22,NAN,2,0,,7,17,41.2,63,0,0,0,0,20,3.7,3.7,9,31.5,51.8,1,3,3.33,3.33,5.6,,,2005
Aaron Rodgers,GNB,22,NAN,3,0,,9,16,56.3,65,0,0,1,6.3,16,4.1,1.3,7.2,21.7,39.8,3,28,1.95,-0.42,15.8,,,2005
Quinn Gray,JAX,26,NAN,1,0,,8,14,57.1,100,2,14.3,0,0,26,7.1,10,12.5,100,119,1,7,6.2,8.87,6.7,,,2005
Jay Fiedler,NYJ,34,NAN,2,0,,8,13,61.5,107,1,7.7,0,0,23,8.2,9.8,13.4,53.5,113.3,0,0,8.23,9.77,0,,,2005
Chris Weinke,CAR,33,NAN,3,0,,7,13,53.8,64,1,7.7,0,0,18,4.9,6.5,9.1,21.3,93.1,0,0,4.92,6.46,0,1,1,2005
Doug Flutie,NWE,43,NAN,5,0,,5,10,50,29,0,0,0,0,13,2.9,2.9,5.8,5.8,56.2,1,13,1.45,1.45,9.1,,,2005
Jeff Blake,CHI,35,NAN,2,0,,8,9,88.9,55,1,11.1,0,0,17,6.1,8.3,6.9,27.5,129.2,0,0,6.11,8.33,0,,,2005
Bradlee Van Pelt,DEN,25,NAN,3,0,,2,8,25,7,0,0,0,0,5,0.9,0.9,3.5,2.3,39.6,0,0,0.88,0.88,0,,,2005
LaDainian Tomlinson*,SDG,26,RB,16,16,,3,4,75,47,3,75,0,0,26,11.8,26.8,15.7,2.9,153.1,0,0,11.75,26.75,0,,,2005
Matt Jones,JAX,22,NAN,16,1,,2,3,66.7,12,0,0,0,0,6,4,4,6,0.8,74.3,0,0,4,4,0,,,2005
Antwaan Randle El,PIT,26,WR,16,15,,3,3,100,67,1,33.3,0,0,51,22.3,29,22.3,4.2,158.3,0,0,22.33,29,0,,,2005
Arnaz Battle,SFO,25,WR,10,8,,2,2,100,27,0,0,0,0,24,13.5,13.5,13.5,2.7,118.7,0,0,13.5,13.5,0,,,2005
Craig Hentrich,TEN,34,NAN,16,0,,1,2,50,26,0,0,0,0,26,13,13,26,1.6,95.8,0,0,13,13,0,,,2005
Randy Hymes,BAL,26,NAN,16,3,,0,2,0,0,0,0,0,0,0,0,0,,0,39.6,0,0,0,0,0,,,2005
Kliff Kingsbury,NYJ,26,NAN,1,0,,1,2,50,17,0,0,0,0,17,8.5,8.5,17,17,79.2,0,0,8.5,8.5,0,,,2005
Brad Maynard,CHI,31,NAN,16,0,,1,2,50,18,0,0,0,0,18,9,9,18,1.1,81.2,0,0,9,9,0,,,2005
Clinton Portis,WAS,24,RB,16,16,,1,2,50,17,1,50,0,0,17,8.5,18.5,17,1.1,118.7,0,0,8.5,18.5,0,,,2005
Tiki Barber*+,NYG,30,RB,16,16,,0,1,0,0,0,0,0,0,0,0,0,,0,39.6,0,0,0,0,0,,,2005
Drew Bennett,TEN,27,WR,13,10,,0,1,0,0,0,0,0,0,0,0,0,,0,39.6,0,0,0,0,0,,,2005
Anquan Boldin,ARI,25,WR,14,14,,0,1,0,0,0,0,0,0,0,0,0,,0,39.6,0,0,0,0,0,,,2005
Marty Booker,MIA,29,WR,15,12,,0,1,0,0,0,0,0,0,0,0,0,,0,39.6,0,0,0,0,0,,,2005
Mark Clayton,BAL,23,WR,14,10,,0,1,0,0,0,0,0,0,0,0,0,,0,39.6,0,0,0,0,0,,,2005
Tony Fisher,GNB,26,NAN,14,4,,1,1,100,14,0,0,0,0,14,14,14,14,1,118.7,0,0,14,14,0,,,2005
DeShaun Foster,CAR,25,RB,15,5,,0,1,0,0,0,0,0,0,0,0,0,,0,39.6,0,0,0,0,0,,,2005
Samkon Gado,GNB,23,RB,8,5,,0,1,0,0,0,0,0,0,0,0,0,,0,39.6,0,0,0,0,0,,,2005
Chris Gardocki,PIT,35,NAN,16,0,,0,1,0,0,0,0,0,0,0,0,0,,0,39.6,0,0,0,0,0,,,2005
Keyshawn Johnson,DAL,33,WR,16,14,,0,1,0,0,0,0,0,0,0,0,0,,0,39.6,0,0,0,0,0,,,2005
Roscoe Parrish,BUF,23,NAN,10,1,,1,1,100,3,0,0,0,0,3,3,3,3,0.3,79.2,0,0,3,3,0,,,2005
B.J. Sander,GNB,25,NAN,14,0,,1,1,100,4,0,0,0,0,4,4,4,4,0.3,83.3,0,0,4,4,0,,,2005
Hunter Smith,IND,28,NAN,16,0,,0,1,0,0,0,0,0,0,0,0,0,,0,39.6,0,0,0,0,0,,,2005
Rod Smith*,DEN,35,WR,16,16,,0,1,0,0,0,0,0,0,0,0,0,,0,39.6,1,11,-5.5,-5.5,50,,,2005
Domanick Williams,HOU,25,RB,11,11,,0,1,0,0,0,0,0,0,0,0,0,,0,39.6,0,0,0,0,0,,,2005
